company_name,industry,sector,business_category,headquarters_city,headquarters_country,headquarters_full_address,year_founded,ownership,company_number,employee_count,market_cap_usd,total_revenue_usd,net_profit_usd,total_assets_usd,company_website,social_media_links,total_raised,representative_name,_source_table
Enel Spa,"Finance, Insurance, and Real Estate",,[],ROMA,ITALY,VIALE REGINA MARGHERITA 137,1962,Corporation,,,,,,,,,,,hitHorizons_dataset
Esselunga Spa,Retail Trade,,[],MILANO,ITALY,VIA GIAMBOLOGNA 1,1957,Corporation,,,,,,,,,,,hitHorizons_dataset
Superit Srl,"Finance, Insurance, and Real Estate",,[],MILANO,ITALY,VIA VITTOR PISANI 20,2019,Corporation,,,,,,,,,,,hitHorizons_dataset
Saras Spa,Manufacturing,,[],MILANO,ITALY,GALLERIA PASSARELLA 2,1962,Corporation,,,,,,,,,,,hitHorizons_dataset
Unicredit Spa,"Finance, Insurance, and Real Estate",,[],MILANO,ITALY,PIAZZA GAE AULENTI 3 TOWER A,1870,Corporation,,,,,,,,,,,hitHorizons_dataset
Send To Me Srl,Services,,[],MILANO,ITALY,VIALE UNGHERIA 46,2020,Corporation,,,,,,,,,,,hitHorizons_dataset
Intesa Sanpaolo Vita Spa,"Finance, Insurance, and Real Estate",,[],TORINO,ITALY,CORSO INGHILTERRA 3,1980,Corporation,,,,,,,,,,,hitHorizons_dataset
Unipolsai Assicurazioni Spa,"Finance, Insurance, and Real Estate",,[],BOLOGNA,ITALY,VIA STALINGRADO 45,1921,Corporation,,,,,,,,,,,hitHorizons_dataset
Totalenergies Petrochemicals & Refining Sa Nv,Wholesale Trade,,[],MILANO,ITALY,VIA ROMBON 11,2004,Foreign Company,,,,,,,,,,,hitHorizons_dataset
Sanastera Spa,"Finance, Insurance, and Real Estate",,[],BOLOGNA,ITALY,PIAZZA MINGHETTI 4/D,2007,Corporation,,,,,,,,,,,hitHorizons_dataset
Hera Spa,"Transportation, Communications, Electric, Gas, and Sanitary Services",,[],BOLOGNA,ITALY,VIALE CARLO BERTI PICHAT 2/4,1925,Corporation,,,,,,,,,,,hitHorizons_dataset
Esso Italiana Srl,Wholesale Trade,,[],MILANO,ITALY,VIALE CASSALA 57,1891,Corporation,,,,,,,,,,,hitHorizons_dataset
Poste Italiane Spa,"Transportation, Communications, Electric, Gas, and Sanitary Services",,[],ROMA,ITALY,VIALE EUROPA 190,1861,Corporation,,,,,,,,,,,hitHorizons_dataset
A2a Spa,"Transportation, Communications, Electric, Gas, and Sanitary Services",,[],MILANO,ITALY,CORSO DI PORTA VITTORIA 4,1996,Corporation,,,,,,,,,,,hitHorizons_dataset
Arrow Electronics Emeasa Srl,"Finance, Insurance, and Real Estate",,[],MILANO,ITALY,VIALE DELL'INNOVAZIONE 3,2002,Corporation,,,,,,,,,,,hitHorizons_dataset
Edison Spa,"Finance, Insurance, and Real Estate",,[],MILANO,ITALY,FORO BUONAPARTE 31,1994,Corporation,,,,,,,,,,,hitHorizons_dataset
Ferrovie Dello Stato Italiane Spa,"Finance, Insurance, and Real Estate",,[],ROMA,ITALY,PIAZZA DELLA CROCE ROSSA 1,1992,Corporation,,,,,,,,,,,hitHorizons_dataset
Prysmian Spa,Wholesale Trade,,[],MILANO,ITALY,VIA CHIESE 6,2005,Corporation,,,,,,,,,,,hitHorizons_dataset
Leonardo Spa,Manufacturing,,[],ROMA,ITALY,PIAZZA MONTE GRAPPA 4,1897,Corporation,,,,,,,,,,,hitHorizons_dataset
Generali Italia Spa,"Finance, Insurance, and Real Estate",,[],TREVISO,ITALY,VIA MAROCCHESA 14,1927,Corporation,,,,,,,,,,,hitHorizons_dataset
Enel Energia Spa,"Transportation, Communications, Electric, Gas, and Sanitary Services",,[],MILANO,ITALY,VIA SAN GIOVANNI SUL MURO 9,1962,Corporation,,,,,,,,,,,hitHorizons_dataset
Intesa Sanpaolo Spa,"Finance, Insurance, and Real Estate",,[],MILANO,ITALY,VIA MONTE DI PIETA' 8,1925,Corporation,,,,,,,,,,,hitHorizons_dataset
Telecom Italia Spa,"Transportation, Communications, Electric, Gas, and Sanitary Services",,[],MILANO,ITALY,VIA GAETANO NEGRI 1,1908,Corporation,,,,,,,,,,,hitHorizons_dataset
Poste Vita Spa,"Finance, Insurance, and Real Estate",,[],ROMA,ITALY,VIALE EUROPA 190,1996,Corporation,,,,,,,,,,,hitHorizons_dataset
Fca Italy S.p.a. In Forma Fiat Chrysler Automobiles E In Forma Abbreviato Fiat Group Autom,Manufacturing,,[],TORINO,ITALY,CORSO GIOVANNI AGNELLI 200,1978,Corporation,,,,,,,,,,,hitHorizons_dataset
Enel Italia Spa,"Finance, Insurance, and Real Estate",,[],ROMA,ITALY,VIALE REGINA MARGHERITA 125,2001,Corporation,,,,,,,,,,,hitHorizons_dataset
Gestore Dei Mercati Energetici Spa,"Transportation, Communications, Electric, Gas, and Sanitary Services",,[],ROMA,ITALY,VIALE MARESCIALLO PILSUDSKI 122/124,2000,Corporation,,,,,,,,,,,hitHorizons_dataset
Amazon Eu S.a Rl,Retail Trade,,[],MILANO,ITALY,VIALE MONTE GRAPPA 3/5,2011,Foreign Company,,,,,,,,,,,hitHorizons_dataset
Gestore Dei Servizi Energetici - Gse Spa,"Transportation, Communications, Electric, Gas, and Sanitary Services",,[],ROMA,ITALY,VIALE MARESCIALLO PILSUDSKI 92,1999,Corporation,,,,,,,,,,,hitHorizons_dataset
Eni Spa,Manufacturing,,[],ROMA,ITALY,PIAZZALE ENRICO MATTEI 1,1953,Corporation,,,,,,,,,,,hitHorizons_dataset
Iveco Spa,Manufacturing,,[],TORINO,ITALY,VIA PUGLIA 35,1974,Corporation,,,,,,,,,,,hitHorizons_dataset
Lidl Italia Srl,Wholesale Trade,,[],VERONA,ITALY,VIA AUGUSTO RUFFO 36,1991,Corporation,,,,,,,,,,,hitHorizons_dataset
Webuild Spa,Construction,,[],MILANO,ITALY,CENTRO DIREZIONALE MILANOFIORI SNC,1959,Corporation,,,,,,,,,,,hitHorizons_dataset
Atlantia Spa,"Finance, Insurance, and Real Estate",,[],ROMA,ITALY,PIAZZA DI SAN SILVESTRO 8,1950,Corporation,,,,,,,,,,,hitHorizons_dataset
Salini Costruttori Spa,Construction,,[],MILANO,ITALY,VIA DEL LAURO 3,1972,Corporation,,,,,,,,,,,hitHorizons_dataset
Amazon Web Services Emea Sarl,Services,,[],MILANO,ITALY,VIALE MONTE GRAPPA 3/5,2017,Foreign Company,,,,,,,,,,,hitHorizons_dataset
Allianz Spa,"Finance, Insurance, and Real Estate",,[],MILANO,ITALY,PIAZZA TRE TORRI 3,1911,Corporation,,,,,,,,,,,hitHorizons_dataset
Mediolanum Vita Spa,"Finance, Insurance, and Real Estate",,[],MILANO,ITALY,VIA FRANCESCO SFORZA,1972,Corporation,,,,,,,,,,,hitHorizons_dataset
Engie Italia Spa,Services,,[],MILANO,ITALY,VIALE FULVIO TESTI 280,2000,Corporation,,,,,,,,,,,hitHorizons_dataset
Enel Global Trading Spa,Wholesale Trade,,[],ROMA,ITALY,VIALE REGINA MARGHERITA 125,1999,Corporation,,,,,,,,,,,hitHorizons_dataset
Hera Trading Srl,"Transportation, Communications, Electric, Gas, and Sanitary Services",,[],BOLOGNA,ITALY,VIA MOLINO ROSSO 8,2001,Corporation,,,,,,,,,,,hitHorizons_dataset
Alleanza Assicurazioni Spa,"Finance, Insurance, and Real Estate",,[],MILANO,ITALY,PIAZZA FIDIA 1,2009,Corporation,,,,,,,,,,,hitHorizons_dataset
Marco Polo International Italy Srl,"Finance, Insurance, and Real Estate",,[],MILANO,ITALY,VIA SAN PRIMO 4,2018,Corporation,,,,,,,,,,,hitHorizons_dataset
Fincantieri Spa,Manufacturing,,[],TRIESTE,ITALY,VIA GENOVA 1,1959,Corporation,,,,,,,,,,,hitHorizons_dataset
Eurospin Italia Spa,"Finance, Insurance, and Real Estate",,[],VERONA,ITALY,VIA CAMPALTO 3/D,1994,Corporation,,,,,,,,,,,hitHorizons_dataset
E-distribuzione Spa,"Transportation, Communications, Electric, Gas, and Sanitary Services",,[],SASSARI,ITALY,VIA CARLO FELICE 35,1999,Corporation,,,,,,,,,,,hitHorizons_dataset
Saipem Spa,Construction,,[],MILANO,ITALY,VIA MARTIRI DI CEFALONIA 67,1969,Corporation,,,,,,,,,,,hitHorizons_dataset
Enel Produzione Spa,"Transportation, Communications, Electric, Gas, and Sanitary Services",,[],ROMA,ITALY,VIALE REGINA MARGHERITA 125,1962,Corporation,,,,,,,,,,,hitHorizons_dataset
Guccio Gucci Spa,Manufacturing,,[],FIRENZE,ITALY,VIA DON LORENZO PEROSI 6,1939,Corporation,,,,,,,,,,,hitHorizons_dataset
Pirelli & C. Spa,"Finance, Insurance, and Real Estate",,[],MILANO,ITALY,VIALE PIERO E ALBERTO PIRELLI 25,1883,Corporation,,,,,,,,,,,hitHorizons_dataset
Unicredit Allianz Vita Spa,"Finance, Insurance, and Real Estate",,[],MILANO,ITALY,PIAZZA TRE TORRI 3,1995,Corporation,,,,,,,,,,,hitHorizons_dataset
Acquirente Unico Spa,"Transportation, Communications, Electric, Gas, and Sanitary Services",,[],ROMA,ITALY,VIA GUIDUBALDO DEL MONTE 45,1999,Corporation,,,,,,,,,,,hitHorizons_dataset
Volkswagen Group Italia Spa,Retail Trade,,[],VERONA,ITALY,VIALE GERARD RICHARD GUMPERT 1,1984,Corporation,,,,,,,,,,,hitHorizons_dataset
Versalis Spa,Manufacturing,,[],MILANO,ITALY,PIAZZA MARCELLO BOLDRINI 1,1989,Corporation,,,,,,,,,,,hitHorizons_dataset
A. Menarini Industrie Farmaceutiche Riunite Srl,Manufacturing,,[],FIRENZE,ITALY,VIA DEI SETTE SANTI 3,1886,Corporation,,,,,,,,,,,hitHorizons_dataset
Barilla Holding Srl,"Finance, Insurance, and Real Estate",,[],PARMA,ITALY,VIA MANTOVA 166,1978,Corporation,,,,,,,,,,,hitHorizons_dataset
Guido M. Barilla E F.lli Sapa,"Finance, Insurance, and Real Estate",,[],PARMA,ITALY,VIA MANTOVA 166,1984,Corporation,,,,,,,,,,,hitHorizons_dataset
Cremonini Spa,"Finance, Insurance, and Real Estate",,[],MODENA,ITALY,VIA MODENA 53,1966,Corporation,,,,,,,,,,,hitHorizons_dataset
Cremofin Srl,"Finance, Insurance, and Real Estate",,[],MODENA,ITALY,VIA MODENA 53,1985,Corporation,,,,,,,,,,,hitHorizons_dataset
Societa' Europea Veicoli Leggeri Sevel Spa,Manufacturing,,[],CHIETI,ITALY,VIALE AVVOCATO GIOVANNI AGNELLI 10,1978,Corporation,,,,,,,,,,,hitHorizons_dataset
Ferrari - Societa'per Azioni Esercizio Fabbriche Automobili E Corse,Manufacturing,,[],MODENA,ITALY,VIA ABETONE INFERIORE 2,1947,Corporation,,,,,,,,,,,hitHorizons_dataset
Credit Agricole Vita Spa,"Finance, Insurance, and Real Estate",,[],PARMA,ITALY,STRADA DELL'UNIVERSITA' 1,1988,Corporation,,,,,,,,,,,hitHorizons_dataset
Sonatrach Raffineria Italiana Srl,Manufacturing,,[],SIRACUSA,ITALY,CONTRADA MARCELLINO C.P. 88 SNC,2018,Corporation,,,,,,,,,,,hitHorizons_dataset
Coop Alleanza 3.0 Soc Coop,Retail Trade,,[],BOLOGNA,ITALY,VIA VILLANOVA 29/7,1923,Corporation,,,,,,,,,,,hitHorizons_dataset
Chimet Spa,Manufacturing,,[],AREZZO,ITALY,VIA DEI LAGHI 31/33,1974,Corporation,,,,,,,,,,,hitHorizons_dataset
Riva Forni Elettrici Spa,"Finance, Insurance, and Real Estate",,[],MILANO,ITALY,VIALE CERTOSA 249,2012,Corporation,,,,,,,,,,,hitHorizons_dataset
Nuovo Pignone Holding Spa,"Finance, Insurance, and Real Estate",,[],FIRENZE,ITALY,VIA FELICE MATTEUCCI 2,1954,Corporation,,,,,,,,,,,hitHorizons_dataset
Zeor Finanziaria Spa,"Finance, Insurance, and Real Estate",,[],ROMA,ITALY,VIA DI PORTA PINCIANA 4,1999,Corporation,,,,,,,,,,,hitHorizons_dataset
Autostrade Per L'italia Spa,"Transportation, Communications, Electric, Gas, and Sanitary Services",,[],ROMA,ITALY,VIA ALBERTO BERGAMINI 50,1950,Corporation,,,,,,,,,,,hitHorizons_dataset
Trenitalia Spa,"Transportation, Communications, Electric, Gas, and Sanitary Services",,[],ROMA,ITALY,PIAZZA DELLA CROCE ROSSA 1,1905,Corporation,,,,,,,,,,,hitHorizons_dataset
Fideuram Vita Spa,"Finance, Insurance, and Real Estate",,[],ROMA,ITALY,VIA ENNIO QUIRINO VISCONTI 80,1980,Corporation,,,,,,,,,,,hitHorizons_dataset
Marcegaglia Holding Srl,Manufacturing,,[],MANTOVA,ITALY,VIA BRESCIANI 16,2015,Corporation,,,,,,,,,,,hitHorizons_dataset
Vodafone Italia Spa,"Transportation, Communications, Electric, Gas, and Sanitary Services",,[],TORINO,ITALY,VIA GUGLIELMO JERVIS 13,2002,Corporation,,,,,,,,,,,hitHorizons_dataset
Edison Energia Spa,"Transportation, Communications, Electric, Gas, and Sanitary Services",,[],MILANO,ITALY,FORO BUONAPARTE 31,1986,Corporation,,,,,,,,,,,hitHorizons_dataset
Italpreziosi Spa,Manufacturing,,[],AREZZO,ITALY,LOCALITA' SAN ZENO ZONA INDUSTRIALE STRADA A 32,1984,Corporation,,,,,,,,,,,hitHorizons_dataset
Assicurazioni Generali Spa,"Finance, Insurance, and Real Estate",,[],TRIESTE,ITALY,PIAZZA LUIGI AMEDEO DUCA DEGLI ABRUZZI 2,1831,Corporation,,,,,,,,,,,hitHorizons_dataset
Groupe Psa Italia Spa,Retail Trade,,[],TORINO,ITALY,VIA PLAVA 80,1969,Corporation,,,,,,,,,,,hitHorizons_dataset
Finanziaria D'investimento Fininvest Spa,"Finance, Insurance, and Real Estate",,[],MILANO,ITALY,VIA PIETRO PALEOCAPA 3,1978,Corporation,,,,,,,,,,,hitHorizons_dataset
Cassa Depositi E Prestiti Spa,"Finance, Insurance, and Real Estate",,[],ROMA,ITALY,VIA GOITO 4,1946,Corporation,,,,,,,,,,,hitHorizons_dataset
Aurelia Srl,"Finance, Insurance, and Real Estate",,[],ALESSANDRIA,ITALY,STRADA STATALE PER NOVI LIGURE 3/13,1983,Corporation,,,,,,,,,,,hitHorizons_dataset
A.i.a. Agricola Italiana Alimentare Spa,Wholesale Trade,,[],VERONA,ITALY,VIA VALPANTENA 18/G,1967,Corporation,,,,,,,,,,,hitHorizons_dataset
Banco Bpm Spa,"Finance, Insurance, and Real Estate",,[],VERONA,ITALY,PIAZZA NOGARA 2,2016,Corporation,,,,,,,,,,,hitHorizons_dataset
Acea Spa,"Transportation, Communications, Electric, Gas, and Sanitary Services",,[],ROMA,ITALY,PIAZZALE OSTIENSE 2,1908,Corporation,,,,,,,,,,,hitHorizons_dataset
B&d Holding Spa,"Finance, Insurance, and Real Estate",,[],NOVARA,ITALY,VIA GIOVANNI DA VERRAZZANO 15,2012,Corporation,,,,,,,,,,,hitHorizons_dataset
De Agostini Spa,"Finance, Insurance, and Real Estate",,[],NOVARA,ITALY,VIA GIOVANNI DA VERRAZZANO 15,1901,Corporation,,,,,,,,,,,hitHorizons_dataset
Gs Spa,Retail Trade,,[],MILANO,ITALY,VIA CALDERA 21,1965,Corporation,,,,,,,,,,,hitHorizons_dataset
Cnp Vita Assicurazione Spa,"Finance, Insurance, and Real Estate",,[],MILANO,ITALY,VIA ANGELO SCARSELLINI 14,1990,Corporation,,,,,,,,,,,hitHorizons_dataset
Cnp Vita Assicura Spa,"Finance, Insurance, and Real Estate",,[],MILANO,ITALY,VIA ANGELO SCARSELLINI 14,1988,Corporation,,,,,,,,,,,hitHorizons_dataset
Pac 2000 A Soc Coop,Wholesale Trade,,[],PERUGIA,ITALY,VIA DEL RAME SNC,1972,Cooperative,,,,,,,,,,,hitHorizons_dataset
Ludo Spa,"Finance, Insurance, and Real Estate",,[],MILANO,ITALY,VIA ANTONIO FOGAZZARO 28,2014,Corporation,,,,,,,,,,,hitHorizons_dataset
Prada Spa,Retail Trade,,[],AREZZO,ITALY,VIA LUNGARNO 1213-61,1990,Corporation,,,,,,,,,,,hitHorizons_dataset
Acciaierie D'italia Spa,Manufacturing,,[],MILANO,ITALY,VIALE CERTOSA 239,1995,Corporation,,,,,,,,,,,hitHorizons_dataset
Acciaierie D'italia Holding Spa,Manufacturing,,[],MILANO,ITALY,VIALE CERTOSA 239,2016,Corporation,,,,,,,,,,,hitHorizons_dataset
Allianz Global Investors Gmbh,"Finance, Insurance, and Real Estate",,[],MILANO,ITALY,VIA DURINI 1,2012,Foreign Company,,,,,,,,,,,hitHorizons_dataset
Sony Europe B.v.,Wholesale Trade,,[],MILANO,ITALY,VIA ANGELO RIZZOLI 4,2018,Foreign Company,,,,,,,,,,,hitHorizons_dataset
Sorgenia Spa,"Transportation, Communications, Electric, Gas, and Sanitary Services",,[],MILANO,ITALY,VIA ALESSANDRO ALGARDI 4,1999,Corporation,,,,,,,,,,,hitHorizons_dataset
F2i Er 1 Spa,"Finance, Insurance, and Real Estate",,[],MILANO,ITALY,VIA SAN PROTASO 5,2014,Corporation,,,,,,,,,,,hitHorizons_dataset
Fimedi Spa,"Finance, Insurance, and Real Estate",,[],TORINO,ITALY,CORSO RE UMBERTO 10,1974,Corporation,,,,,,,,,,,hitHorizons_dataset
Buzzi Unicem Spa,Manufacturing,,[],ALESSANDRIA,ITALY,VIA LUIGI BUZZI 6,1907,Corporation,,,,,,,,,,,hitHorizons_dataset
Genertellife Spa,"Finance, Insurance, and Real Estate",,[],TREVISO,ITALY,VIA MAROCCHESA 14,1999,Corporation,,,,,,,,,,,hitHorizons_dataset
Logista Italia Spa,Wholesale Trade,,[],ROMA,ITALY,VIA VALADIER 37,2001,Corporation,,,,,,,,,,,hitHorizons_dataset
Pirelli Tyre Spa,Manufacturing,,[],MILANO,ITALY,VIALE PIERO E ALBERTO PIRELLI 25,1983,Corporation,,,,,,,,,,,hitHorizons_dataset
Hera Comm Spa,"Transportation, Communications, Electric, Gas, and Sanitary Services",,[],BOLOGNA,ITALY,VIA MOLINO ROSSO 8,2001,Corporation,,,,,,,,,,,hitHorizons_dataset
Autogrill Spa,Retail Trade,,[],MILANO,ITALY,GALLERIA SAN BABILA 4/A,1946,Corporation,,,,,,,,,,,hitHorizons_dataset
Rete Ferroviaria Italiana Spa,"Transportation, Communications, Electric, Gas, and Sanitary Services",,[],ROMA,ITALY,PIAZZA DELLA CROCE ROSSA 1,1992,Corporation,,,,,,,,,,,hitHorizons_dataset
Swietelsky Baugesellschaft M.b.h.,Construction,,[],BOLZANO,ITALY,VIA DEL SOLE 34,2008,Foreign Company,,,,,,,,,,,hitHorizons_dataset
Cnh Industrial Italia Spa,Manufacturing,,[],MODENA,ITALY,VIALE DELLE NAZIONI 55,1973,Corporation,,,,,,,,,,,hitHorizons_dataset
Iren Mercato Spa,"Transportation, Communications, Electric, Gas, and Sanitary Services",,[],GENOVA,ITALY,VIA DEI SANTI GIACOMO E FILIPPO 7,2000,Corporation,,,,,,,,,,,hitHorizons_dataset
Duferco Italia Holding Spa,"Finance, Insurance, and Real Estate",,[],BRESCIA,ITALY,VIA ARMANDO DIAZ 248,1990,Corporation,,,,,,,,,,,hitHorizons_dataset
Trasporti Internazionali Agenzia Marittima Savino Del Bene Spa,"Transportation, Communications, Electric, Gas, and Sanitary Services",,[],FIRENZE,ITALY,VIA DEL BOTTEGHINO 24/26,1920,Corporation,,,,,,,,,,,hitHorizons_dataset
Unieuro Spa,Retail Trade,,[],FORLI'-CESENA,ITALY,VIA PIERO MARONCELLI 10,1935,Corporation,,,,,,,,,,,hitHorizons_dataset
Axpo Italia Spa,"Transportation, Communications, Electric, Gas, and Sanitary Services",,[],GENOVA,ITALY,VIA XII OTTOBRE 1,2000,Corporation,,,,,,,,,,,hitHorizons_dataset
Sind International Srl,"Finance, Insurance, and Real Estate",,[],MILANO,ITALY,VIA BIGLI 21,1993,Corporation,,,,,,,,,,,hitHorizons_dataset
Danieli & C. Officine Meccaniche Spa,Manufacturing,,[],UDINE,ITALY,VIA NAZIONALE 41,1962,Corporation,,,,,,,,,,,hitHorizons_dataset
Md Spa,Retail Trade,,[],CASERTA,ITALY,ZONA A.S.I.CAPANNONE 18,2005,Corporation,,,,,,,,,,,hitHorizons_dataset
Isab Srl,Manufacturing,,[],SIRACUSA,ITALY,EX S.S. 114 KM 146 SNC,2008,Corporation,,,,,,,,,,,hitHorizons_dataset
Astm Spa,"Finance, Insurance, and Real Estate",,[],TORINO,ITALY,CORSO REGINA MARGHERITA 165,1928,Corporation,,,,,,,,,,,hitHorizons_dataset
Alessandro Patane' Srl,Services,,[],LATINA,ITALY,VIA AMASENO 24,1999,Corporation,,,,,,,,,,,hitHorizons_dataset
Fpt Industrial Spa,Manufacturing,,[],TORINO,ITALY,VIA PUGLIA 15,1974,Corporation,,,,,,,,,,,hitHorizons_dataset
Luxottica Group Spa,Wholesale Trade,,[],MILANO,ITALY,PIAZZALE LUIGI CADORNA 3,1981,Corporation,,,,,,,,,,,hitHorizons_dataset
De' Longhi Spa,"Finance, Insurance, and Real Estate",,[],TREVISO,ITALY,VIA LODOVICO SEITZ 47,1992,Corporation,,,,,,,,,,,hitHorizons_dataset
Bridgestone Europe Nv Sa,Manufacturing,,[],MONZA E BRIANZA,ITALY,VIA ENERGY PARK 14,2013,Foreign Company,,,,,,,,,,,hitHorizons_dataset
Gi Group Spa,Services,,[],MILANO,ITALY,PIAZZA IV NOVEMBRE 5,1995,Corporation,,,,,,,,,,,hitHorizons_dataset
Cnp Unicredit Vita Spa,"Finance, Insurance, and Real Estate",,[],MILANO,ITALY,VIA EMILIO CORNALIA 30,1996,Corporation,,,,,,,,,,,hitHorizons_dataset
Mapei Spa,Manufacturing,,[],MILANO,ITALY,VIALE EDOARDO JENNER 4,1961,Corporation,,,,,,,,,,,hitHorizons_dataset
Emme Esse Vi Srl,"Finance, Insurance, and Real Estate",,[],MILANO,ITALY,VIA SASSOFERRATO 1,2007,Corporation,,,,,,,,,,,hitHorizons_dataset
Nintendo Of Europe Gmbh,Services,,[],MONZA E BRIANZA,ITALY,VIA TORRI BIANCHE 6,2002,Foreign Company,,,,,,,,,,,hitHorizons_dataset
Snam Spa,"Finance, Insurance, and Real Estate",,[],MILANO,ITALY,PIAZZA SANTA BARBARA 7,1941,Corporation,,,,,,,,,,,hitHorizons_dataset
A2a Energia Spa,"Transportation, Communications, Electric, Gas, and Sanitary Services",,[],MILANO,ITALY,CORSO DI PORTA VITTORIA 4,1999,Corporation,,,,,,,,,,,hitHorizons_dataset
Grimaldi Group Spa,"Transportation, Communications, Electric, Gas, and Sanitary Services",,[],NAPOLI,ITALY,VIA MARCHESE CAMPODISOLA 13,1945,Corporation,,,,,,,,,,,hitHorizons_dataset
Veronesi Holding Spa,Services,,[],VERONA,ITALY,VIA VALPANTENA 18/G,1984,Corporation,,,,,,,,,,,hitHorizons_dataset
Nuovo Pignone International Srl,Manufacturing,,[],FIRENZE,ITALY,VIA FELICE MATTEUCCI 2,1954,Corporation,,,,,,,,,,,hitHorizons_dataset
Gruppo Unicomm Spa,"Finance, Insurance, and Real Estate",,[],VICENZA,ITALY,VIA ENRICO MATTEI 50,1969,Corporation,,,,,,,,,,,hitHorizons_dataset
Chiesi Farmaceutici Spa,Manufacturing,,[],PARMA,ITALY,VIA PALERMO 26/A,1935,Corporation,,,,,,,,,,,hitHorizons_dataset
Valline Srl,"Finance, Insurance, and Real Estate",,[],PARMA,ITALY,STRADELLO MARCHE 6,1990,Corporation,,,,,,,,,,,hitHorizons_dataset
Eni Fuel Spa,Retail Trade,,[],ROMA,ITALY,VIALE GIORGIO RIBOTTA 51,1985,Corporation,,,,,,,,,,,hitHorizons_dataset
Comifar Spa,"Finance, Insurance, and Real Estate",,[],MILANO,ITALY,VIA FRATELLI DI DIO 2,1944,Corporation,,,,,,,,,,,hitHorizons_dataset
Whirlpool Emea Spa,Manufacturing,,[],ANCONA,ITALY,STRADA PROVINCIALE ARCEVIESE 139/A,1930,Corporation,,,,,,,,,,,hitHorizons_dataset
Bmw Italia Spa,Retail Trade,,[],MILANO,ITALY,VIA DELL'UNIONE EUROPEA 1,1973,Corporation,,,,,,,,,,,hitHorizons_dataset
Conad Nord Ovest Societa' Cooperativa A R.l.,Wholesale Trade,,[],PISTOIA,ITALY,VIA BURE VECCHIA NORD 10,1964,Corporation,,,,,,,,,,,hitHorizons_dataset
Unicoop Firenze Soc Coop,"Finance, Insurance, and Real Estate",,[],FIRENZE,ITALY,VIA SANTA REPARATA 43,1891,Corporation,,,,,,,,,,,hitHorizons_dataset
Spesa Intelligente Spa,Wholesale Trade,,[],VERONA,ITALY,VIA CAMPALTO 3/D,1992,Corporation,,,,,,,,,,,hitHorizons_dataset
Banca Monte Dei Paschi Di Siena Spa,"Finance, Insurance, and Real Estate",,[],SIENA,ITALY,PIAZZA SALIMBENI 3,1472,Corporation,,,,,,,,,,,hitHorizons_dataset
Rai Radiotelevisione Italiana Spa,"Transportation, Communications, Electric, Gas, and Sanitary Services",,[],ROMA,ITALY,VIALE GIUSEPPE MAZZINI 14,2001,Corporation,,,,,,,,,,,hitHorizons_dataset
De La Costa Srl,"Finance, Insurance, and Real Estate",,[],VERONA,ITALY,VIA PORTICI UMBERTO I 5/3,2018,Corporation,,,,,,,,,,,hitHorizons_dataset
Calzedonia Holding Spa,"Finance, Insurance, and Real Estate",,[],VERONA,ITALY,VIA MONTE BALDO 20,2008,Corporation,,,,,,,,,,,hitHorizons_dataset
Eurizon Capital Sgr Spa,"Finance, Insurance, and Real Estate",,[],MILANO,ITALY,PIAZZETTA GIORDANO DELL'AMORE 3,1983,Corporation,,,,,,,,,,,hitHorizons_dataset
Finiper Canova Group Spa,"Finance, Insurance, and Real Estate",,[],MILANO,ITALY,VIA AMILCARE PONCHIELLI 7,2008,Corporation,,,,,,,,,,,hitHorizons_dataset
Bper Banca Spa,"Finance, Insurance, and Real Estate",,[],MODENA,ITALY,VIA SAN CARLO 8/20,1867,Corporation,,,,,,,,,,,hitHorizons_dataset
Gecos - Generale Di Commercio E Servizi Spa,"Finance, Insurance, and Real Estate",,[],VENEZIA,ITALY,VIA DELLE INDUSTRIE 8,1958,Corporation,,,,,,,,,,,hitHorizons_dataset
Gruppo Pam Spa,Wholesale Trade,,[],VENEZIA,ITALY,VIA DELLE INDUSTRIE 8,1980,Corporation,,,,,,,,,,,hitHorizons_dataset
Ibm Italia Spa,Services,,[],MILANO,ITALY,CIRCONVALLAZIONE IDROSCALO SNC,1927,Corporation,,,,,,,,,,,hitHorizons_dataset
Brembo Spa,Manufacturing,,[],BERGAMO,ITALY,VIALE EUROPA 2,1971,Corporation,,,,,,,,,,,hitHorizons_dataset
Nuova Fourb Srl,"Finance, Insurance, and Real Estate",,[],BERGAMO,ITALY,VIA MONTE ORTIGARA 5,2004,Corporation,,,,,,,,,,,hitHorizons_dataset
Sky Italia Srl,"Transportation, Communications, Electric, Gas, and Sanitary Services",,[],MILANO,ITALY,VIA MONTE PENICE 7,1993,Corporation,,,,,,,,,,,hitHorizons_dataset
Barilla G. E R. Fratelli Spa,Manufacturing,,[],PARMA,ITALY,VIA MANTOVA 166,1988,Corporation,,,,,,,,,,,hitHorizons_dataset
Alitalia Societa' Aerea Italiana Spa,"Transportation, Communications, Electric, Gas, and Sanitary Services",,[],ROMA,ITALY,VIA ALBERTO NASSETTI PAL.ALFA SNC,1999,Corporation,,,,,,,,,,,hitHorizons_dataset
Bolton Group Srl,Services,,[],MILANO,ITALY,VIA GIOVANNI BATTISTA PIRELLI 19,1980,Corporation,,,,,,,,,,,hitHorizons_dataset
Factor Holding Srl,"Finance, Insurance, and Real Estate",,[],MILANO,ITALY,VIA GIOVANNI BATTISTA PIRELLI 19,2010,Corporation,,,,,,,,,,,hitHorizons_dataset
Anas Spa,"Transportation, Communications, Electric, Gas, and Sanitary Services",,[],ROMA,ITALY,VIA MONZAMBANO 10,1950,Corporation,,,,,,,,,,,hitHorizons_dataset
Maire Tecnimont Spa,"Finance, Insurance, and Real Estate",,[],MILANO,ITALY,VIA GAETANO DE CASTILLIA 6/A,2003,Corporation,,,,,,,,,,,hitHorizons_dataset
Samsung Electronics Italia Spa,Wholesale Trade,,[],MILANO,ITALY,VIA MIKE BONGIORNO 9,1991,Corporation,,,,,,,,,,,hitHorizons_dataset
Renault Italia Spa,Retail Trade,,[],ROMA,ITALY,VIA TIBURTINA 1159,1962,Corporation,,,,,,,,,,,hitHorizons_dataset
Axa Assicurazioni Spa,"Finance, Insurance, and Real Estate",,[],MILANO,ITALY,CORSO COMO 17,1947,Corporation,,,,,,,,,,,hitHorizons_dataset
Mediamarket Spa,Retail Trade,,[],MONZA E BRIANZA,ITALY,VIA FURLANELLI 69,1990,Corporation,,,,,,,,,,,hitHorizons_dataset
Finarvedi Spa,"Finance, Insurance, and Real Estate",,[],CREMONA,ITALY,PIAZZA LODI 7,1979,Corporation,,,,,,,,,,,hitHorizons_dataset
Inalca Spa,Manufacturing,,[],MODENA,ITALY,VIA SPILAMBERTO 30/C,1988,Corporation,,,,,,,,,,,hitHorizons_dataset
Banca Nazionale Del Lavoro Spa,"Finance, Insurance, and Real Estate",,[],ROMA,ITALY,VIALE ALTIERO SPINELLI 30,2007,Corporation,,,,,,,,,,,hitHorizons_dataset
Fastweb Spa,"Transportation, Communications, Electric, Gas, and Sanitary Services",,[],MILANO,ITALY,VIA FRANCESCO CARACCIOLO 51,1999,Corporation,,,,,,,,,,,hitHorizons_dataset
Finbre Spa,"Finance, Insurance, and Real Estate",,[],VERONA,ITALY,VIALE DEL LAVORO 20,1986,Corporation,,,,,,,,,,,hitHorizons_dataset
Maxi Di Srl,Retail Trade,,[],VERONA,ITALY,VIALE DEL LAVORO 20,1975,Corporation,,,,,,,,,,,hitHorizons_dataset
Swisscom Italia Srl,"Finance, Insurance, and Real Estate",,[],MILANO,ITALY,PIAZZA ADRIANO OLIVETTI 1,2007,Corporation,,,,,,,,,,,hitHorizons_dataset
Zurich Investments Life Spa,"Finance, Insurance, and Real Estate",,[],MILANO,ITALY,VIA BENIGNO CRESPI 23,1952,Corporation,,,,,,,,,,,hitHorizons_dataset
Arca Vita Spa,"Finance, Insurance, and Real Estate",,[],VERONA,ITALY,VIA DEL FANTE 21,1987,Corporation,,,,,,,,,,,hitHorizons_dataset
Agricola Tre Valli Societa' Cooperativa,Manufacturing,,[],VERONA,ITALY,VIA VALPANTENA 18/G,1983,Corporation,,,,,,,,,,,hitHorizons_dataset
Conad Consorzio Nazionale Dettaglianti Soc Coop,Wholesale Trade,,[],BOLOGNA,ITALY,VIA MICHELINO 59,1962,Corporation,,,,,,,,,,,hitHorizons_dataset
Sesa Spa,Services,,[],FIRENZE,ITALY,VIA DELLA PIOVOLA 138,2010,Corporation,,,,,,,,,,,hitHorizons_dataset
Terna Rete Elettrica Nazionale Spa,"Transportation, Communications, Electric, Gas, and Sanitary Services",,[],ROMA,ITALY,VIALE EGIDIO GALBANI 70,1999,Corporation,,,,,,,,,,,hitHorizons_dataset
Moncler Spa,"Finance, Insurance, and Real Estate",,[],MILANO,ITALY,VIA ENRICO STENDHAL 47,2004,Corporation,,,,,,,,,,,hitHorizons_dataset
Michelin Italiana S.a.m.i. Spa,Manufacturing,,[],TORINO,ITALY,CORSO GIULIO CESARE 424/95/C,1930,Corporation,,,,,,,,,,,hitHorizons_dataset
Brt Spa,"Transportation, Communications, Electric, Gas, and Sanitary Services",,[],BOLOGNA,ITALY,VIA ENRICO MATTEI 42,1979,Corporation,,,,,,,,,,,hitHorizons_dataset
De' Longhi Appliances Srl,Manufacturing,,[],TREVISO,ITALY,VIA LODOVICO SEITZ 47,1968,Corporation,,,,,,,,,,,hitHorizons_dataset
Ford Italia Spa,Retail Trade,,[],ROMA,ITALY,VIA DEL SERAFICO 89,1929,Corporation,,,,,,,,,,,hitHorizons_dataset
So.fi.d.a. Spa,"Finance, Insurance, and Real Estate",,[],VICENZA,ITALY,CONTRADA DELLA MISERICORDIA 14,1988,Corporation,,,,,,,,,,,hitHorizons_dataset
Arianna 2001 Spa,Services,,[],ROMA,ITALY,VIA LEOPOLDO SERRA 32,1985,Corporation,,,,,,,,,,,hitHorizons_dataset
Recordati Industria Chimica E Farmaceutica Spa,Manufacturing,,[],MILANO,ITALY,VIA MATTEO CIVITALI 1,1926,Corporation,,,,,,,,,,,hitHorizons_dataset
Leroy Merlin Italia Srl,Retail Trade,,[],MILANO,ITALY,STRADA 8 PALAZZO N MILANOFIORI,1993,Corporation,,,,,,,,,,,hitHorizons_dataset
Vittoria Assicurazioni Spa,"Finance, Insurance, and Real Estate",,[],MILANO,ITALY,VIA IGNAZIO GARDELLA 2,1921,Corporation,,,,,,,,,,,hitHorizons_dataset
Vanini Holding Srl,"Finance, Insurance, and Real Estate",,[],MILANO,ITALY,VIA ANSPERTO 7,2004,Corporation,,,,,,,,,,,hitHorizons_dataset
Fedrigoni Spa,Manufacturing,,[],VERONA,ITALY,VIA ENRICO FERMI 13/F,1961,Corporation,,,,,,,,,,,hitHorizons_dataset
Gruppo Ipg Holding Spa,"Finance, Insurance, and Real Estate",,[],MILANO,ITALY,VIALE BIANCA MARIA 24,2007,Corporation,,,,,,,,,,,hitHorizons_dataset
Bg Holding Srl,"Finance, Insurance, and Real Estate",,[],MILANO,ITALY,VIA BORGONUOVO 14,2020,Corporation,,,,,,,,,,,hitHorizons_dataset
Burgo Group Spa,Manufacturing,,[],VICENZA,ITALY,VIA PIAVE 1,1905,Corporation,,,,,,,,,,,hitHorizons_dataset
Gruppo Lactalis Italia Srl,"Finance, Insurance, and Real Estate",,[],MILANO,ITALY,VIA FLAVIO GIOIA 8,2002,Corporation,,,,,,,,,,,hitHorizons_dataset
Megaholding Srl,"Finance, Insurance, and Real Estate",,[],BARLETTA ANDRIA TRANI,ITALY,STRADA PROVINCIALE 130 ANDRIA-TRANI,1979,Corporation,,,,,,,,,,,hitHorizons_dataset
Betflag Spa,Services,,[],POTENZA,ITALY,ZONA INDUSTRIALE DI BARAGIANO SNC,2010,Corporation,,,,,,,,,,,hitHorizons_dataset
Computer Gross Spa,Wholesale Trade,,[],FIRENZE,ITALY,VIA DEL PINO 1,1993,Corporation,,,,,,,,,,,hitHorizons_dataset
Publitalia 80 Concessionaria Pubblicita' Spa,Services,,[],MILANO,ITALY,VIALE EUROPA 46,1979,Corporation,,,,,,,,,,,hitHorizons_dataset
Papiniano Spa,"Finance, Insurance, and Real Estate",,[],BOLOGNA,ITALY,VIA GUGLIELMO MARCONI 36,1985,Corporation,,,,,,,,,,,hitHorizons_dataset
Ies Italiana Energia E Servizi Spa,Manufacturing,,[],MANTOVA,ITALY,STRADA CIPATA 79,1975,Corporation,,,,,,,,,,,hitHorizons_dataset
Commercianti Indipendenti Associati Soc Coop,Wholesale Trade,,[],FORLI'-CESENA,ITALY,VIA DEI MERCANTI 3,1959,Corporation,,,,,,,,,,,hitHorizons_dataset
Casillo Partecipazioni Spa,"Finance, Insurance, and Real Estate",,[],BARI,ITALY,VIA ANTONIO SANT'ELIA,1998,Corporation,,,,,,,,,,,hitHorizons_dataset
Otb Spa,"Finance, Insurance, and Real Estate",,[],VICENZA,ITALY,VIA DELL'INDUSTRIA 2,1981,Corporation,,,,,,,,,,,hitHorizons_dataset
Ansaldo Energia Spa,Manufacturing,,[],GENOVA,ITALY,VIA NICOLA LORENZI 8,1953,Corporation,,,,,,,,,,,hitHorizons_dataset
Romeo Gas Spa,"Transportation, Communications, Electric, Gas, and Sanitary Services",,[],TREVISO,ITALY,VIA VERIZZO 1030,2021,Corporation,,,,,,,,,,,hitHorizons_dataset
Sg Distribuzione Srl,"Transportation, Communications, Electric, Gas, and Sanitary Services",,[],PARMA,ITALY,VIA GIORGIO PERLASCA 20/C,2022,Corporation,,,,,,,,,,,hitHorizons_dataset
Radicifin Sapa,"Finance, Insurance, and Real Estate",,[],BERGAMO,ITALY,VIA GIUSEPPE VERDI 11,1985,Corporation,,,,,,,,,,,hitHorizons_dataset
Alpha Trading Spa,Wholesale Trade,,[],GENOVA,ITALY,VIA BRIGATA LIGURIA 3/19,1985,Corporation,,,,,,,,,,,hitHorizons_dataset
Credit Agricole Italia Spa,"Finance, Insurance, and Real Estate",,[],PARMA,ITALY,STRADA DELL'UNIVERSITA' 1,1860,Corporation,,,,,,,,,,,hitHorizons_dataset
Manpower Srl,Services,,[],MILANO,ITALY,VIA GIOACCHINO ROSSINI 6/8,1996,Corporation,,,,,,,,,,,hitHorizons_dataset
Bennet Holding Spa,"Finance, Insurance, and Real Estate",,[],MILANO,ITALY,PIAZZA DELLA REPUBBLICA 28,2010,Corporation,,,,,,,,,,,hitHorizons_dataset
Finmeg Srl,"Finance, Insurance, and Real Estate",,[],MILANO,ITALY,PIAZZA DELLA REPUBBLICA 28,2007,Corporation,,,,,,,,,,,hitHorizons_dataset
Bennet Spa,Retail Trade,,[],COMO,ITALY,VIA ENZO RATTI 2,1983,Corporation,,,,,,,,,,,hitHorizons_dataset
Servizi In Rete 2001 Srl,Services,,[],ROMA,ITALY,VIA LEOPOLDO SERRA 32,1988,Corporation,,,,,,,,,,,hitHorizons_dataset
Cosulich International Srl,"Finance, Insurance, and Real Estate",,[],GENOVA,ITALY,PONTE FRANCESCO MOROSINI 41,2007,Corporation,,,,,,,,,,,hitHorizons_dataset
Fratelli Cosulich Spa,"Transportation, Communications, Electric, Gas, and Sanitary Services",,[],TRIESTE,ITALY,VIA DANTE ALIGHIERI 5,1948,Corporation,,,,,,,,,,,hitHorizons_dataset
Dolomiti Energia Trading Spa,"Transportation, Communications, Electric, Gas, and Sanitary Services",,[],TRENTO,ITALY,VIA FERSINA 23,2000,Corporation,,,,,,,,,,,hitHorizons_dataset
Ferrero Commerciale Italia Srl,Wholesale Trade,,[],CUNEO,ITALY,PIAZZALE PIETRO FERRERO 1,2015,Corporation,,,,,,,,,,,hitHorizons_dataset
Arcelormittal Commercial Italy Srl,Wholesale Trade,,[],AVELLINO,ITALY,ZONA INDUSTRIALE SNC,1971,Corporation,,,,,,,,,,,hitHorizons_dataset
Arval Service Lease Italia Spa,Services,,[],FIRENZE,ITALY,VIA DELLE SETTE REGOLE 21,1995,Corporation,,,,,,,,,,,hitHorizons_dataset
Reti Televisive Italiane Spa,"Transportation, Communications, Electric, Gas, and Sanitary Services",,[],MILANO,ITALY,VIALE EUROPA 44/46 48,1983,Corporation,,,,,,,,,,,hitHorizons_dataset
Caltagirone Spa,"Finance, Insurance, and Real Estate",,[],ROMA,ITALY,VIA BARBERINI 28,1908,Corporation,,,,,,,,,,,hitHorizons_dataset
Nexi Payments Spa,"Finance, Insurance, and Real Estate",,[],MILANO,ITALY,CORSO SEMPIONE 55,1985,Corporation,,,,,,,,,,,hitHorizons_dataset
Unicomm Srl,Retail Trade,,[],FORLI'-CESENA,ITALY,VIA ADELE BEI 340,1980,Corporation,,,,,,,,,,,hitHorizons_dataset
Hdi Assicurazioni Spa,"Finance, Insurance, and Real Estate",,[],ROMA,ITALY,PIAZZA GUGLIELMO MARCONI 25,1927,Corporation,,,,,,,,,,,hitHorizons_dataset
Iper Montebello Spa,Retail Trade,,[],MILANO,ITALY,VIA MARCO ULPIO TRAIANO 57,1963,Corporation,,,,,,,,,,,hitHorizons_dataset
Egea Ente Gestione Energia E Ambiente Spa,"Finance, Insurance, and Real Estate",,[],CUNEO,ITALY,VIA VIVARO 2,1924,Corporation,,,,,,,,,,,hitHorizons_dataset
Sdf Spa,"Finance, Insurance, and Real Estate",,[],BERGAMO,ITALY,VIALE FRANCESCO CASSANI 14,1927,Corporation,,,,,,,,,,,hitHorizons_dataset
Reply Spa,Services,,[],TORINO,ITALY,VIA CARDINALE GUGLIELMO MASSAIA 83,1997,Corporation,,,,,,,,,,,hitHorizons_dataset
Sdf Holding Spa,"Finance, Insurance, and Real Estate",,[],BERGAMO,ITALY,VIA XX SETTEMBRE 58/C,2017,Corporation,,,,,,,,,,,hitHorizons_dataset
Compagnia Siderurgica Italiana Srl,"Finance, Insurance, and Real Estate",,[],UDINE,ITALY,ZONA INDUSTRIALE,2006,Corporation,,,,,,,,,,,hitHorizons_dataset
Fin.fer. Spa,"Finance, Insurance, and Real Estate",,[],UDINE,ITALY,ZONA INDUSTRIALE SNC,1977,Corporation,,,,,,,,,,,hitHorizons_dataset
Credemvita Spa,"Finance, Insurance, and Real Estate",,[],REGGIO EMILIA,ITALY,VIA LUIGI SANI 1,1990,Corporation,,,,,,,,,,,hitHorizons_dataset
Ge Italia Holding Srl,"Finance, Insurance, and Real Estate",,[],TORINO,ITALY,VIA I MAGGIO 99,2019,Corporation,,,,,,,,,,,hitHorizons_dataset
Alperia Smart Services Srl,"Transportation, Communications, Electric, Gas, and Sanitary Services",,[],BOLZANO,ITALY,VIA DODICIVILLE 8,1999,Corporation,,,,,,,,,,,hitHorizons_dataset
Ovs Spa,Retail Trade,,[],VENEZIA,ITALY,VIA TERRAGLIO 17,2014,Corporation,,,,,,,,,,,hitHorizons_dataset
Candy Hoover Group Srl,Manufacturing,,[],MONZA E BRIANZA,ITALY,VIA EDEN FUMAGALLI,1945,Corporation,,,,,,,,,,,hitHorizons_dataset
Francesco Spa,"Finance, Insurance, and Real Estate",,[],FORLI'-CESENA,ITALY,VIA DEL RIO 400,2008,Corporation,,,,,,,,,,,hitHorizons_dataset
Amadori Spa,"Finance, Insurance, and Real Estate",,[],MILANO,ITALY,PIAZZA BORROMEO 14,2017,Corporation,,,,,,,,,,,hitHorizons_dataset
Cooperativa Esercenti Farmacia Soc. Coop. A Rl,Wholesale Trade,,[],BRESCIA,ITALY,VIA ACHILLE GRANDI 18,1934,Cooperative,,,,,,,,,,,hitHorizons_dataset
Centauro Srl,"Finance, Insurance, and Real Estate",,[],MILANO,ITALY,VIA AGOSTINO BERTANI 2,1994,Corporation,,,,,,,,,,,hitHorizons_dataset
Tesya Spa,"Finance, Insurance, and Real Estate",,[],MILANO,ITALY,VIA PADANA SUPERIORE 19,1952,Corporation,,,,,,,,,,,hitHorizons_dataset
Alpiq Energia Italia Spa,"Transportation, Communications, Electric, Gas, and Sanitary Services",,[],MILANO,ITALY,VIA MAROSTICA 1,1999,Corporation,,,,,,,,,,,hitHorizons_dataset
Alpiq Italia Srl,"Transportation, Communications, Electric, Gas, and Sanitary Services",,[],MILANO,ITALY,VIA MAROSTICA 1,2000,Corporation,,,,,,,,,,,hitHorizons_dataset
Impresa Pizzarotti & C. Spa,Construction,,[],PARMA,ITALY,VIA MADRE ANNA MARIA ADORNI 1,1910,Corporation,,,,,,,,,,,hitHorizons_dataset
Autotorino Spa,Retail Trade,,[],SONDRIO,ITALY,VIA STAZIONE 4,1990,Corporation,,,,,,,,,,,hitHorizons_dataset
Philip Morris Manufacturing & Technology Bologna Spa,Manufacturing,,[],BOLOGNA,ITALY,VIA GIACOMO VENTURI 1-2,1962,Corporation,,,,,,,,,,,hitHorizons_dataset
Sanofi Srl,Manufacturing,,[],MILANO,ITALY,VIALE LUIGI BODIO 37/B,1938,Corporation,,,,,,,,,,,hitHorizons_dataset
Leasys Spa,Services,,[],TORINO,ITALY,CORSO ORBASSANO 367,2000,Corporation,,,,,,,,,,,hitHorizons_dataset
Unilever Italia Mkt. Operations Srl,Wholesale Trade,,[],ROMA,ITALY,VIA PAOLO DI DONO 3/A,1996,Corporation,,,,,,,,,,,hitHorizons_dataset
Decathlon Italia Srl,Retail Trade,,[],MONZA E BRIANZA,ITALY,VIA LAVORATORI AUTOBIANCHI 1,1991,Corporation,,,,,,,,,,,hitHorizons_dataset
Hb Trading Spa,"Transportation, Communications, Electric, Gas, and Sanitary Services",,[],LA SPEZIA,ITALY,PIAZZA GIUSEPPE GARIBALDI 4,2008,Corporation,,,,,,,,,,,hitHorizons_dataset
Eurospin Lazio Spa,Retail Trade,,[],LATINA,ITALY,VIA FRANCESCO BARACCA 2/4 6,1994,Corporation,,,,,,,,,,,hitHorizons_dataset
Megamark Srl,Wholesale Trade,,[],BARLETTA ANDRIA TRANI,ITALY,STRADA PROVINCIALE 130 ANDRIA-TRANI,2003,Corporation,,,,,,,,,,,hitHorizons_dataset
Acciaierie Venete Spa,Manufacturing,,[],PADOVA,ITALY,RIVIERA FRANCIA 9/11,1963,Corporation,,,,,,,,,,,hitHorizons_dataset
Parsid Spa,"Finance, Insurance, and Real Estate",,[],PADOVA,ITALY,RIVIERA FRANCIA 9/11,2006,Corporation,,,,,,,,,,,hitHorizons_dataset
Cnh Industrial N.v.,"Finance, Insurance, and Real Estate",,[],TORINO,ITALY,LUNGOSTURA LAZIO 3A,2013,Foreign Company,,,,,,,,,,,hitHorizons_dataset
Nestle' Italiana Spa,Manufacturing,,[],MILANO,ITALY,VIA DEL MULINO 6,1913,Corporation,,,,,,,,,,,hitHorizons_dataset
Granarolo Spa,Manufacturing,,[],BOLOGNA,ITALY,VIA CADRIANO 27/2,1988,Corporation,,,,,,,,,,,hitHorizons_dataset
Fideuram Intesa Sanpaolo Private Banking Spa,"Finance, Insurance, and Real Estate",,[],ROMA,ITALY,PIAZZALE GIULIO DOUHET 31,1949,Corporation,,,,,,,,,,,hitHorizons_dataset
C.l.n. Coils Lamiere Nastri Spa,Manufacturing,,[],TORINO,ITALY,CORSO SUSA 13/15,1967,Corporation,,,,,,,,,,,hitHorizons_dataset
Ferfina Spa,"Finance, Insurance, and Real Estate",,[],ROMA,ITALY,VIA SALARIA 1039,1932,Corporation,,,,,,,,,,,hitHorizons_dataset
Finanziaria Dei Dogi Srl,"Finance, Insurance, and Real Estate",,[],ROMA,ITALY,VIA SALARIA 1039,2012,Corporation,,,,,,,,,,,hitHorizons_dataset
Engineering - Ingegneria Informatica Spa,Services,,[],ROMA,ITALY,PIAZZALE DELL'AGRICOLTURA 24,1980,Corporation,,,,,,,,,,,hitHorizons_dataset
Granlatte Soc Coop Agricola A Rl,"Agriculture, Forestry, and Fishing",,[],BOLOGNA,ITALY,VIA CADRIANO 36,1957,Corporation,,,,,,,,,,,hitHorizons_dataset
E.on Energia Spa,"Transportation, Communications, Electric, Gas, and Sanitary Services",,[],MILANO,ITALY,VIA DELL'UNIONE 1,2004,Corporation,,,,,,,,,,,hitHorizons_dataset
Metro Italia Cash And Carry Spa,Wholesale Trade,,[],MILANO,ITALY,VIA XXV APRILE 23,1972,Corporation,,,,,,,,,,,hitHorizons_dataset
Grimaldi Euromed Spa,"Transportation, Communications, Electric, Gas, and Sanitary Services",,[],NAPOLI,ITALY,VIA MARCHESE CAMPODISOLA 13,1973,Corporation,,,,,,,,,,,hitHorizons_dataset
Procter & Gamble Holding Srl,Services,,[],ROMA,ITALY,VIALE GIORGIO RIBOTTA 11,1956,Corporation,,,,,,,,,,,hitHorizons_dataset
Cassa Di Compensazione E Garanzia Spa,"Finance, Insurance, and Real Estate",,[],ROMA,ITALY,VIA TOMACELLI 146,1992,Corporation,,,,,,,,,,,hitHorizons_dataset
Tech Data Italia Srl,Manufacturing,,[],MILANO,ITALY,VIALE LEONE TOLSTOJ 65,1983,Corporation,,,,,,,,,,,hitHorizons_dataset
Waterfall Italia Spa,"Finance, Insurance, and Real Estate",,[],BOLOGNA,ITALY,VIALE GIOSUE' CARDUCCI 48,2015,Corporation,,,,,,,,,,,hitHorizons_dataset
I.d. 4 Italia Srl,"Finance, Insurance, and Real Estate",,[],BOLOGNA,ITALY,VIALE GIOSUE' CARDUCCI 48,2014,Corporation,,,,,,,,,,,hitHorizons_dataset
Alperia Trading Srl,"Transportation, Communications, Electric, Gas, and Sanitary Services",,[],BOLZANO,ITALY,VIA DODICIVILLE 8,1999,Corporation,,,,,,,,,,,hitHorizons_dataset
Sogefi Spa,"Finance, Insurance, and Real Estate",,[],MILANO,ITALY,VIA CIOVASSINO 1/A,1980,Corporation,,,,,,,,,,,hitHorizons_dataset
Conad Centro Nord Soc Coop,Wholesale Trade,,[],REGGIO EMILIA,ITALY,VIA JOHN FITZGERALD KENNEDY 5,1997,Corporation,,,,,,,,,,,hitHorizons_dataset
Societa' Agricola La Pellegrina Spa,"Agriculture, Forestry, and Fishing",,[],VERONA,ITALY,VIA VALPANTENA 18/G,1976,Corporation,,,,,,,,,,,hitHorizons_dataset
Siderurgica Investimenti Srl,"Finance, Insurance, and Real Estate",,[],BRESCIA,ITALY,VIA GIUSEPPE VERDI 8,1989,Corporation,,,,,,,,,,,hitHorizons_dataset
Zucchetti Group Spa,"Finance, Insurance, and Real Estate",,[],LODI,ITALY,VIA SOLFERINO 1,1978,Corporation,,,,,,,,,,,hitHorizons_dataset
Finde Spa,"Finance, Insurance, and Real Estate",,[],TORINO,ITALY,CORSO GIOVANNI LANZA 101,1994,Corporation,,,,,,,,,,,hitHorizons_dataset
Shell Italia Holding Spa,"Finance, Insurance, and Real Estate",,[],MILANO,ITALY,VIALE THOMAS ALVA EDISON 110,2002,Corporation,,,,,,,,,,,hitHorizons_dataset
Marseglia Group Spa,"Finance, Insurance, and Real Estate",,[],BARI,ITALY,VIA BAIONE 200,1990,Corporation,,,,,,,,,,,hitHorizons_dataset
Bricoman Italia Srl,Retail Trade,,[],MILANO,ITALY,VIA GUGLIELMO MARCONI 24,2007,Corporation,,,,,,,,,,,hitHorizons_dataset
Centurion Newco Spa,"Finance, Insurance, and Real Estate",,[],MILANO,ITALY,VIALE BIANCA MARIA 25,2020,Corporation,,,,,,,,,,,hitHorizons_dataset
Egea Commerciale,"Transportation, Communications, Electric, Gas, and Sanitary Services",,[],CUNEO,ITALY,CORSO NINO BIXIO 8,1996,Corporation,,,,,,,,,,,hitHorizons_dataset
Basell Poliolefine Italia Srl,Manufacturing,,[],FERRARA,ITALY,PIAZZALE GUIDO DONEGANI 12,1995,Corporation,,,,,,,,,,,hitHorizons_dataset
Luxottica Srl,Manufacturing,,[],BELLUNO,ITALY,FRAZIONE VALCOZZENA 10,1961,Corporation,,,,,,,,,,,hitHorizons_dataset
Fater Spa,Manufacturing,,[],PESCARA,ITALY,VIA MARE ADRIATICO 122,1990,Corporation,,,,,,,,,,,hitHorizons_dataset
U.t. Communications Spa,"Finance, Insurance, and Real Estate",,[],MILANO,ITALY,VIA MONTE NAPOLEONE 8,1994,Corporation,,,,,,,,,,,hitHorizons_dataset
Ali' Spa,Retail Trade,,[],PADOVA,ITALY,VIA OLANDA 2,1973,Corporation,,,,,,,,,,,hitHorizons_dataset
Lukoil Italia Srl,Wholesale Trade,,[],ROMA,ITALY,VIA LEONIDA BISSOLATI 20,2008,Corporation,,,,,,,,,,,hitHorizons_dataset
Bitron Industrie Spa,"Finance, Insurance, and Real Estate",,[],TORINO,ITALY,STRADA DEL PORTONE 95,1993,Corporation,,,,,,,,,,,hitHorizons_dataset
Ali' Group Srl,"Finance, Insurance, and Real Estate",,[],PADOVA,ITALY,VIA OLANDA 2,2006,Corporation,,,,,,,,,,,hitHorizons_dataset
Epta Spa,Manufacturing,,[],MILANO,ITALY,VIA MECENATE 86,2003,Corporation,,,,,,,,,,,hitHorizons_dataset
Epta Hdp Spa,"Finance, Insurance, and Real Estate",,[],MILANO,ITALY,VIA MECENATE 86,2017,Corporation,,,,,,,,,,,hitHorizons_dataset
Postepay Spa,"Finance, Insurance, and Real Estate",,[],ROMA,ITALY,VIALE EUROPA 190,2001,Corporation,,,,,,,,,,,hitHorizons_dataset
Pini Holding Srl,"Finance, Insurance, and Real Estate",,[],MILANO,ITALY,VIA RUGGERO BOSCOVICH 27,2018,Corporation,,,,,,,,,,,hitHorizons_dataset
Itinera Spa,Construction,,[],ALESSANDRIA,ITALY,STRADA STATALE PER ALESSANDRIA 6/A,1995,Corporation,,,,,,,,,,,hitHorizons_dataset
Acciaierie Valbruna Spa,Manufacturing,,[],VICENZA,ITALY,VIALE DELLA SCIENZA 25,1925,Corporation,,,,,,,,,,,hitHorizons_dataset
Penny Market Srl,Retail Trade,,[],MILANO,ITALY,STRADA PROVINCIALE 11 PADANA SUPERIORE 2/B,1997,Corporation,,,,,,,,,,,hitHorizons_dataset
Valentino Spa,Services,,[],VICENZA,ITALY,VIALE DEI LANIFICI 1,1997,Corporation,,,,,,,,,,,hitHorizons_dataset
Dana Graziano Srl,Manufacturing,,[],TORINO,ITALY,VIA CUMIANA 14,1989,Corporation,,,,,,,,,,,hitHorizons_dataset
Iris Mobili Srl,Retail Trade,,[],ROMA,ITALY,VIA CARLO POMA 11,2002,Corporation,,,,,,,,,,,hitHorizons_dataset
Padana Tubi E Profilati Acciaio Spa,Manufacturing,,[],REGGIO EMILIA,ITALY,VIA PORTAMURATA 8/A,1975,Corporation,,,,,,,,,,,hitHorizons_dataset
Adler Plastic Spa,Manufacturing,,[],NAPOLI,ITALY,VIA MOZZONI LOCALITA' S.DOMENICO,1980,Corporation,,,,,,,,,,,hitHorizons_dataset
Cofco International Italy Srl,Wholesale Trade,,[],RAVENNA,ITALY,PIAZZA JOHN FITZGERALD KENNEDY 3,2004,Corporation,,,,,,,,,,,hitHorizons_dataset
Diasorin Spa,"Finance, Insurance, and Real Estate",,[],VERCELLI,ITALY,VIA CRESCENTINO,1996,Corporation,,,,,,,,,,,hitHorizons_dataset
T.c.a. Trattamenti Ceneri Auroargentifere Spa,Manufacturing,,[],AREZZO,ITALY,LOCALITA' CASTELLUCCIO 11,1977,Corporation,,,,,,,,,,,hitHorizons_dataset
Groupama Assicurazioni Spa,"Finance, Insurance, and Real Estate",,[],ROMA,ITALY,VIALE CESARE PAVESE 385,1929,Corporation,,,,,,,,,,,hitHorizons_dataset
Electrolux Italia Spa,Manufacturing,,[],PORDENONE,ITALY,CORSO LINO ZANUSSI 24,1916,Corporation,,,,,,,,,,,hitHorizons_dataset
Msc Societa' Di Partecipazione Tra Lavoratori Spa,"Finance, Insurance, and Real Estate",,[],BOLOGNA,ITALY,VIA UBALDO POLI 4,1938,Corporation,,,,,,,,,,,hitHorizons_dataset
Dimar Spa,Wholesale Trade,,[],CUNEO,ITALY,VIA CUNEO 34,1973,Corporation,,,,,,,,,,,hitHorizons_dataset
Tnt Global Express Srl,"Transportation, Communications, Electric, Gas, and Sanitary Services",,[],TORINO,ITALY,CORSO GIULIO CESARE 268,1981,Corporation,,,,,,,,,,,hitHorizons_dataset
Unico La Farmacia Dei Farmacisti Spa,Wholesale Trade,,[],MILANO,ITALY,VIA GARBAGNATE 63,1945,Corporation,,,,,,,,,,,hitHorizons_dataset
Engycalor Energia Calore Srl,Wholesale Trade,,[],ROMA,ITALY,VIA AURELIA 915,1966,Corporation,,,,,,,,,,,hitHorizons_dataset
Comet Spa,Wholesale Trade,,[],BOLOGNA,ITALY,VIA MICHELINO 105,1968,Corporation,,,,,,,,,,,hitHorizons_dataset
Comet Holding Spa,"Finance, Insurance, and Real Estate",,[],BOLOGNA,ITALY,VIA MICHELINO 105,2003,Corporation,,,,,,,,,,,hitHorizons_dataset
Unione Farmaceutica Novarese,"Finance, Insurance, and Real Estate",,[],NOVARA,ITALY,CORSO VERCELLI 120/C,1945,Corporation,,,,,,,,,,,hitHorizons_dataset
Ferragamo Finanziaria Spa,"Finance, Insurance, and Real Estate",,[],FIRENZE,ITALY,VIA DEI TORNABUONI 2,1989,Corporation,,,,,,,,,,,hitHorizons_dataset
Ge Avio Srl,Manufacturing,,[],TORINO,ITALY,VIA I MAGGIO 99,2013,Corporation,,,,,,,,,,,hitHorizons_dataset
Alrescha Investimenti Srl,"Finance, Insurance, and Real Estate",,[],MILANO,ITALY,CORSO EUROPA 2,2009,Corporation,,,,,,,,,,,hitHorizons_dataset
Same Deutz Fahr Italia Spa,Manufacturing,,[],BERGAMO,ITALY,VIALE FRANCESCO CASSANI 15,1978,Corporation,,,,,,,,,,,hitHorizons_dataset
Agora' Network Soc Cons.rl,Wholesale Trade,,[],MILANO,ITALY,VIA GIOVANNI BATTISTA PERGOLESI 25,2000,Corporation,,,,,,,,,,,hitHorizons_dataset
Erg Spa,"Finance, Insurance, and Real Estate",,[],GENOVA,ITALY,VIA DE MARINI 1,1938,Corporation,,,,,,,,,,,hitHorizons_dataset
Erg Power Generation Spa,"Transportation, Communications, Electric, Gas, and Sanitary Services",,[],GENOVA,ITALY,VIA DE MARINI 1,2003,Corporation,,,,,,,,,,,hitHorizons_dataset
San Quirico Spa,"Finance, Insurance, and Real Estate",,[],GENOVA,ITALY,VIA MARTIN PIAGGIO 17/4,2004,Corporation,,,,,,,,,,,hitHorizons_dataset
Unes Maxi Spa,Retail Trade,,[],MILANO,ITALY,VIALE DELLE INDUSTRIE SNC,1984,Corporation,,,,,,,,,,,hitHorizons_dataset
Iperal Supermercati Spa,Retail Trade,,[],SONDRIO,ITALY,VIA BOLLADORE 64,2019,Corporation,,,,,,,,,,,hitHorizons_dataset
Rosenbauer International Ag,Wholesale Trade,,[],BOLZANO,ITALY,VIA DEI CAMPI DELLA RIENZA 30,1956,Foreign Company,,,,,,,,,,,hitHorizons_dataset
Turytes Spa,"Finance, Insurance, and Real Estate",,[],BOLOGNA,ITALY,GALLERIA CAMILLO BENSO CONTE DI CAVOUR 4,1987,Corporation,,,,,,,,,,,hitHorizons_dataset
Alliancebernstein (luxembourg) S.a' Rl,"Finance, Insurance, and Real Estate",,[],MILANO,ITALY,PIAZZA IV NOVEMBRE 7,2020,Foreign Company,,,,,,,,,,,hitHorizons_dataset
Denso Thermal Systems Spa,Manufacturing,,[],TORINO,ITALY,FRAZIONE MASIO 24,2001,Corporation,,,,,,,,,,,hitHorizons_dataset
Nova Coop Soc Coop,Retail Trade,,[],VERCELLI,ITALY,VIA NELSON MANDELA 4,1989,Corporation,,,,,,,,,,,hitHorizons_dataset
Green Network Spa,"Transportation, Communications, Electric, Gas, and Sanitary Services",,[],ROMA,ITALY,VIA GIULIO VINCENZO BONA 101,2003,Corporation,,,,,,,,,,,hitHorizons_dataset
Amazon Italia Transport Srl,"Transportation, Communications, Electric, Gas, and Sanitary Services",,[],MILANO,ITALY,VIALE MONTE GRAPPA 3/5,2016,Corporation,,,,,,,,,,,hitHorizons_dataset
Findomestic Banca Spa,"Finance, Insurance, and Real Estate",,[],FIRENZE,ITALY,VIA JACOPO DA DIACCETO 48,1984,Corporation,,,,,,,,,,,hitHorizons_dataset
Prenatal Retail Group Spa Ovvero In Abbreviato Pnt Retail Gr Oup Spa O Prg Spa,Retail Trade,,[],MONZA E BRIANZA,ITALY,VIA DELLE PRIMULE 5,1987,Corporation,,,,,,,,,,,hitHorizons_dataset
Azimut - Benetti Spa,Manufacturing,,[],LUCCA,ITALY,VIA MICHELE COPPINO 104,1974,Corporation,,,,,,,,,,,hitHorizons_dataset
Agsm Aim Energia Spa,"Transportation, Communications, Electric, Gas, and Sanitary Services",,[],VERONA,ITALY,LUNGADIGE GALTAROSSA 8,1999,Corporation,,,,,,,,,,,hitHorizons_dataset
Fif Holding Spa,"Finance, Insurance, and Real Estate",,[],MILANO,ITALY,VIA VEZZA D'OGLIO 7,2016,Corporation,,,,,,,,,,,hitHorizons_dataset
Coopservice Societa' Cooperativa Per Azioni,Services,,[],REGGIO EMILIA,ITALY,VIA ROCHDALE 5,1975,Corporation,,,,,,,,,,,hitHorizons_dataset
Servizi Energia Italia Spa,Services,,[],MILANO,ITALY,VIA MARTIRI DI CEFALONIA 67,2008,Corporation,,,,,,,,,,,hitHorizons_dataset
Bonfi Srl,"Finance, Insurance, and Real Estate",,[],BOLOGNA,ITALY,GALLERIA GUGLIELMO MARCONI 1,2017,Corporation,,,,,,,,,,,hitHorizons_dataset
Bonfiglioli Spa,"Finance, Insurance, and Real Estate",,[],BOLOGNA,ITALY,VIA CLEMENTINO BONFIGLIOLI 1,1967,Corporation,,,,,,,,,,,hitHorizons_dataset
Elecnor Sa,Services,,[],NOVARA,ITALY,VIA GIUSEPPE VERDI 6,2010,Foreign Company,,,,,,,,,,,hitHorizons_dataset
Rialto Spa,Retail Trade,,[],MILANO,ITALY,VIA GIAN CARLO CLERICI 342,1980,Corporation,,,,,,,,,,,hitHorizons_dataset
Industries Spa,Retail Trade,,[],PADOVA,ITALY,VIA VENEZIA 1,1975,Corporation,,,,,,,,,,,hitHorizons_dataset
Riva Azzurra Spa,Retail Trade,,[],MILANO,ITALY,VIA PANTANO 28,1979,Corporation,,,,,,,,,,,hitHorizons_dataset
Casillo Commodities Italia Spa,Wholesale Trade,,[],BARI,ITALY,VIA ANTONIO SANT'ELIA ZONA INDUSTRIALE SNC,1993,Corporation,,,,,,,,,,,hitHorizons_dataset
Ludoil Energy Spa,"Finance, Insurance, and Real Estate",,[],NAPOLI,ITALY,VIA TARANTO 40,2012,Corporation,,,,,,,,,,,hitHorizons_dataset
Supermercati Tosano Cerea Srl,Retail Trade,,[],VERONA,ITALY,VIA PALESELLA 1,1980,Corporation,,,,,,,,,,,hitHorizons_dataset
Skf Industrie Spa,Manufacturing,,[],TORINO,ITALY,VIA PINEROLO 44,1980,Corporation,,,,,,,,,,,hitHorizons_dataset
Hp Italy Srl,Wholesale Trade,,[],MILANO,ITALY,VIA CARLO DONAT CATTIN 5,1964,Corporation,,,,,,,,,,,hitHorizons_dataset
Gottardo Spa,Retail Trade,,[],PADOVA,ITALY,GALLERIA SPAGNA 9,1991,Corporation,,,,,,,,,,,hitHorizons_dataset
Maior Srl,"Finance, Insurance, and Real Estate",,[],PADOVA,ITALY,GALLERIA SPAGNA 9,1987,Corporation,,,,,,,,,,,hitHorizons_dataset
Policlinico San Donato Spa,Services,,[],MILANO,ITALY,VIA RODOLFO MORANDI 30,1980,Corporation,,,,,,,,,,,hitHorizons_dataset
Vender Spa,"Finance, Insurance, and Real Estate",,[],PARMA,ITALY,VIA ALFRED BERNHARD NOBEL 4/A,1999,Corporation,,,,,,,,,,,hitHorizons_dataset
Ludoil Energia Srl,Wholesale Trade,,[],NAPOLI,ITALY,VIA TARANTO 40,2011,Corporation,,,,,,,,,,,hitHorizons_dataset
In's Mercato Spa,Retail Trade,,[],VENEZIA,ITALY,VIA ISTITUTO SANTA MARIA DELLA PIETA' 6,1994,Corporation,,,,,,,,,,,hitHorizons_dataset
Sorgenia Power Spa,"Transportation, Communications, Electric, Gas, and Sanitary Services",,[],CAMPOBASSO,ITALY,VIA ADRIANO OLIVETTI SNC,2003,Corporation,,,,,,,,,,,hitHorizons_dataset
Ald Automotive Italia Srl,Services,,[],ROMA,ITALY,VIALE LUCA GAURICO 187,1987,Corporation,,,,,,,,,,,hitHorizons_dataset
Alliance Healthcare Italia Spa,"Finance, Insurance, and Real Estate",,[],GENOVA,ITALY,VIA MOGGIA 75/A,1986,Corporation,,,,,,,,,,,hitHorizons_dataset
Estra Energie Srl,"Transportation, Communications, Electric, Gas, and Sanitary Services",,[],PRATO,ITALY,VIA UGO PANZIERA 16,2007,Corporation,,,,,,,,,,,hitHorizons_dataset
Fibercop Spa,"Transportation, Communications, Electric, Gas, and Sanitary Services",,[],MILANO,ITALY,VIA GAETANO NEGRI 1,2020,Corporation,,,,,,,,,,,hitHorizons_dataset
D & G Srl,Services,,[],MILANO,ITALY,VIA CARLO GOLDONI 10,1988,Corporation,,,,,,,,,,,hitHorizons_dataset
Dolce & Gabbana Holding Srl,"Finance, Insurance, and Real Estate",,[],MILANO,ITALY,VIA CARLO GOLDONI 10,2007,Corporation,,,,,,,,,,,hitHorizons_dataset
Ccs Jv Scarl,Services,,[],MILANO,ITALY,VIA MILANO 10,2019,Corporation,,,,,,,,,,,hitHorizons_dataset
Vandemoortele Europe N.v.,Wholesale Trade,,[],GENOVA,ITALY,VIA FIORENZO SEMINI 12,2019,Foreign Company,,,,,,,,,,,hitHorizons_dataset
Pastificio Rana Spa,Manufacturing,,[],VERONA,ITALY,VIA ANTONIO PACINOTTI 25,1962,Corporation,,,,,,,,,,,hitHorizons_dataset
C.o.i.m. Spa - Chimica Organica Industriale Milanese,Manufacturing,,[],MILANO,ITALY,VIA DELLE AZALEE 19,1966,Corporation,,,,,,,,,,,hitHorizons_dataset
Astaris Spa,Construction,,[],ROMA,ITALY,VIA GIULIO VINCENZO BONA 65,1950,Corporation,,,,,,,,,,,hitHorizons_dataset
Tirreno Power Spa,"Transportation, Communications, Electric, Gas, and Sanitary Services",,[],NAPOLI,ITALY,STRADONE VIGLIENA 39,1999,Corporation,,,,,,,,,,,hitHorizons_dataset
Eurospin Tirrenica Spa,Retail Trade,,[],PERUGIA,ITALY,VIA DELLA CHIOCANA 3,1994,Corporation,,,,,,,,,,,hitHorizons_dataset
Angelini Pharma Italia Aziende Chimiche Riunite Angelini Francesco A.c.r.a.f. Spa,Manufacturing,,[],ROMA,ITALY,VIALE AMELIA 70,1980,Corporation,,,,,,,,,,,hitHorizons_dataset
Electrade Spa,"Transportation, Communications, Electric, Gas, and Sanitary Services",,[],VICENZA,ITALY,VIA ARISTIDE NONIS 68/A,2006,Corporation,,,,,,,,,,,hitHorizons_dataset
Cereal Docks Spa,Manufacturing,,[],VICENZA,ITALY,VIA DELL'INNOVAZIONE 1,1991,Corporation,,,,,,,,,,,hitHorizons_dataset
Telecom Italia Sparkle Spa,"Transportation, Communications, Electric, Gas, and Sanitary Services",,[],ROMA,ITALY,VIA DI MACCHIA PALOCCO 223,1933,Corporation,,,,,,,,,,,hitHorizons_dataset
Agos-ducato Spa,"Finance, Insurance, and Real Estate",,[],MILANO,ITALY,VIALE FULVIO TESTI 280,1986,Corporation,,,,,,,,,,,hitHorizons_dataset
Fercam Holding Srl,"Finance, Insurance, and Real Estate",,[],BOLZANO,ITALY,VIA MARIE CURIE 2,2016,Corporation,,,,,,,,,,,hitHorizons_dataset
Prexta Spa In Forma Abbreviata Prexta Spa,"Finance, Insurance, and Real Estate",,[],MILANO,ITALY,PALAZZO MEUCCI VIA FRANCESCO SFORZA,2003,Corporation,,,,,,,,,,,hitHorizons_dataset
Marelli Europe Spa,Manufacturing,,[],MILANO,ITALY,VIALE ALDO BORLETTI 61/63,1919,Corporation,,,,,,,,,,,hitHorizons_dataset
Coca-cola Hbc Italia Srl,Manufacturing,,[],MILANO,ITALY,PIAZZA INDRO MONTANELLI 30,1998,Corporation,,,,,,,,,,,hitHorizons_dataset
Sonepar Italia Spa,Wholesale Trade,,[],PADOVA,ITALY,RIVIERA MAESTRI DEL LAVORO 24,1978,Corporation,,,,,,,,,,,hitHorizons_dataset
Merck Serono Spa,Manufacturing,,[],ROMA,ITALY,VIA CASILINA 125,1906,Corporation,,,,,,,,,,,hitHorizons_dataset
Lottomatica Spa,"Finance, Insurance, and Real Estate",,[],ROMA,ITALY,VIA DEGLI ALDOBRANDESCHI 300,2016,Corporation,,,,,,,,,,,hitHorizons_dataset
Fratelli Arena Srl,Retail Trade,,[],ENNA,ITALY,CONTRADA MILOCCA SNC,1976,Corporation,,,,,,,,,,,hitHorizons_dataset
Yoox Net-a-porter Group Spa,Retail Trade,,[],BOLOGNA,ITALY,VIA NERIO NANNETTI 1,2000,Corporation,,,,,,,,,,,hitHorizons_dataset
Almaviva - The Italian Innovation Company Spa,Services,,[],ROMA,ITALY,VIA DI CASAL BOCCONE 188/190,2005,Corporation,,,,,,,,,,,hitHorizons_dataset
Almaviva Technologies Srl,"Finance, Insurance, and Real Estate",,[],ROMA,ITALY,PIAZZA DEI SANTI APOSTOLI 66,1994,Corporation,,,,,,,,,,,hitHorizons_dataset
Petronas Lubricants Italy Spa,Manufacturing,,[],TORINO,ITALY,VIA SANTENA 1,1912,Corporation,,,,,,,,,,,hitHorizons_dataset
Adi Energia Srl,"Transportation, Communications, Electric, Gas, and Sanitary Services",,[],MILANO,ITALY,VIALE CERTOSA 239,2018,Corporation,,,,,,,,,,,hitHorizons_dataset
Amazon Italia Logistica Srl,"Transportation, Communications, Electric, Gas, and Sanitary Services",,[],MILANO,ITALY,VIALE MONTE GRAPPA 3/5,2010,Corporation,,,,,,,,,,,hitHorizons_dataset
Credito Emiliano Spa,"Finance, Insurance, and Real Estate",,[],REGGIO EMILIA,ITALY,VIA EMILIA SAN PIETRO 4,1973,Corporation,,,,,,,,,,,hitHorizons_dataset
Deutsche Bank Spa,"Finance, Insurance, and Real Estate",,[],MILANO,ITALY,PIAZZA DEL CALENDARIO 3,1917,Corporation,,,,,,,,,,,hitHorizons_dataset
Bunge Italia Spa,Manufacturing,,[],RAVENNA,ITALY,VIA BAIONA 203,2000,Corporation,,,,,,,,,,,hitHorizons_dataset
Enel Global Services Srl,Services,,[],ROMA,ITALY,VIALE REGINA MARGHERITA 125,2019,Corporation,,,,,,,,,,,hitHorizons_dataset
Farvima Holding Srl,"Finance, Insurance, and Real Estate",,[],NAPOLI,ITALY,VIA NAPOLI 220,1989,Corporation,,,,,,,,,,,hitHorizons_dataset
Sogegross Spa,Wholesale Trade,,[],GENOVA,ITALY,LUNGOTORRENTE SECCA 3/A,1986,Corporation,,,,,,,,,,,hitHorizons_dataset
Gruppo Arena Spa,"Finance, Insurance, and Real Estate",,[],ENNA,ITALY,VIA GIUSEPPE MAZZINI 36,2014,Corporation,,,,,,,,,,,hitHorizons_dataset
Eni Angola Spa,Mining,,[],MILANO,ITALY,VIA EMILIA 1,2007,Corporation,,,,,,,,,,,hitHorizons_dataset
Ferrovial Construccin S.a.,Construction,,[],MILANO,ITALY,FORO BUONAPARTE 67,1999,Foreign Company,,,,,,,,,,,hitHorizons_dataset
Alfa Acciai Spa,Manufacturing,,[],BRESCIA,ITALY,VIA SAN POLO 152,1978,Corporation,,,,,,,,,,,hitHorizons_dataset
Cambielli Edilfriuli Spa,Wholesale Trade,,[],FORLI'-CESENA,ITALY,VIA ASSANO 1791,1919,Corporation,,,,,,,,,,,hitHorizons_dataset
Comdata Spa,Services,,[],MILANO,ITALY,VIA SEBASTIANO CABOTO 1,2012,Corporation,,,,,,,,,,,hitHorizons_dataset
Shell Energy Italia Srl,"Transportation, Communications, Electric, Gas, and Sanitary Services",,[],MILANO,ITALY,VIALE THOMAS ALVA EDISON 110,1993,Corporation,,,,,,,,,,,hitHorizons_dataset
Fattoria San Michele A Torri Srl,"Finance, Insurance, and Real Estate",,[],FIRENZE,ITALY,VIA SAN MICHELE 36,1987,Corporation,,,,,,,,,,,hitHorizons_dataset
Bottega Veneta Srl,Manufacturing,,[],VICENZA,ITALY,LOCALITA' CONTI MALTRAVERSO 1,1968,Corporation,,,,,,,,,,,hitHorizons_dataset
Bolton Food Spa,Manufacturing,,[],COMO,ITALY,VIA EINAUDI 18/22,1951,Corporation,,,,,,,,,,,hitHorizons_dataset
Silmar Group Spa,"Finance, Insurance, and Real Estate",,[],BRESCIA,ITALY,LOCALITA' MERLARO 2,1985,Corporation,,,,,,,,,,,hitHorizons_dataset
Ferretti Spa,Manufacturing,,[],FORLI'-CESENA,ITALY,VIA GIOVANNI ANSALDO 7,2004,Corporation,,,,,,,,,,,hitHorizons_dataset
Ferretti International Holding Spa,"Finance, Insurance, and Real Estate",,[],MILANO,ITALY,VIA ALESSANDRO MANZONI 41,2012,Corporation,,,,,,,,,,,hitHorizons_dataset
Dalmine Spa,Manufacturing,,[],BERGAMO,ITALY,PIAZZA CADUTI 6 LUGLIO 1944 1,1920,Corporation,,,,,,,,,,,hitHorizons_dataset
Banca Popolare Di Sondrio Spa,"Finance, Insurance, and Real Estate",,[],SONDRIO,ITALY,PIAZZA GIUSEPPE GARIBALDI 16,1871,Corporation,,,,,,,,,,,hitHorizons_dataset
General Cavi Spa,Manufacturing,,[],RAVENNA,ITALY,VIA DELL'INDUSTRIA 22,1992,Corporation,,,,,,,,,,,hitHorizons_dataset
Solvay Specialty Polymers Italy Spa,Manufacturing,,[],MILANO,ITALY,VIALE LOMBARDIA 20,1971,Corporation,,,,,,,,,,,hitHorizons_dataset
Arcese Holding Sapa Di Eleuterio Arcese E C.,"Finance, Insurance, and Real Estate",,[],TRENTO,ITALY,VIA ALDO MORO 95,2001,Corporation,,,,,,,,,,,hitHorizons_dataset
Infineum Italia Srl,Manufacturing,,[],SAVONA,ITALY,STRADA DI SCORRIMENTO 2,1998,Corporation,,,,,,,,,,,hitHorizons_dataset
Smeg Spa,Manufacturing,,[],REGGIO EMILIA,ITALY,VIA LEONARDO DA VINCI 4,1985,Corporation,,,,,,,,,,,hitHorizons_dataset
Sasol Italy Spa,Manufacturing,,[],MILANO,ITALY,VIALE ENRICO FORLANINI 23,1957,Corporation,,,,,,,,,,,hitHorizons_dataset
Nordea Investment Funds S.a.,"Finance, Insurance, and Real Estate",,[],MILANO,ITALY,VIA TORTONA 9,2012,Foreign Company,,,,,,,,,,,hitHorizons_dataset
Sanpellegrino Spa,Services,,[],MILANO,ITALY,VIA DEL MULINO 6,1899,Corporation,,,,,,,,,,,hitHorizons_dataset
Retitalia Spa,Wholesale Trade,,[],MILANO,ITALY,VIA GASPARE GOZZI 1/A,2005,Corporation,,,,,,,,,,,hitHorizons_dataset
Unoenergy Spa,"Transportation, Communications, Electric, Gas, and Sanitary Services",,[],IMPERIA,ITALY,CORSO FELICE CAVALLOTTI 30,2004,Corporation,,,,,,,,,,,hitHorizons_dataset
United Parcel Service Italia Srl,"Transportation, Communications, Electric, Gas, and Sanitary Services",,[],MILANO,ITALY,VIA GAUDENZIO FANTOLI 15/2 15/8,1986,Corporation,,,,,,,,,,,hitHorizons_dataset
Alstom Ferroviaria Spa,Manufacturing,,[],CUNEO,ITALY,VIA OTTAVIO MORENO 23,1950,Corporation,,,,,,,,,,,hitHorizons_dataset
Elfin Srl,"Finance, Insurance, and Real Estate",,[],IMPERIA,ITALY,CORSO FELICE CAVALLOTTI 30,2019,Corporation,,,,,,,,,,,hitHorizons_dataset
Uno Holding Srl,"Finance, Insurance, and Real Estate",,[],MILANO,ITALY,VIA CALDERA 21,2015,Corporation,,,,,,,,,,,hitHorizons_dataset
Bticino Spa,Manufacturing,,[],VARESE,ITALY,VIALE LUIGI BORRI 231,1945,Corporation,,,,,,,,,,,hitHorizons_dataset
Prysmian Powerlink Srl,Manufacturing,,[],MILANO,ITALY,VIA CHIESE 6,2007,Corporation,,,,,,,,,,,hitHorizons_dataset
Compass Banca Spa,"Finance, Insurance, and Real Estate",,[],MILANO,ITALY,FORO BUONAPARTE 10,1951,Corporation,,,,,,,,,,,hitHorizons_dataset
Carlo Colombo Spa,Manufacturing,,[],CREMONA,ITALY,VIA REGONA 3,1982,Corporation,,,,,,,,,,,hitHorizons_dataset
Lb Holding Spa,"Finance, Insurance, and Real Estate",,[],VENEZIA,ITALY,VIA COLOMBARA 113,2017,Corporation,,,,,,,,,,,hitHorizons_dataset
Verofin Srl,"Finance, Insurance, and Real Estate",,[],MILANO,ITALY,PIAZZA GIOVINE ITALIA 3,2009,Corporation,,,,,,,,,,,hitHorizons_dataset
Umana Spa,Services,,[],VENEZIA,ITALY,VIA COLOMBARA 113,1997,Corporation,,,,,,,,,,,hitHorizons_dataset
Gruppo Ltc Spa,"Finance, Insurance, and Real Estate",,[],VICENZA,ITALY,VIA ORNA 35,1999,Corporation,,,,,,,,,,,hitHorizons_dataset
Alliance Healthcare Italia Distribuzione Spa,Wholesale Trade,,[],GENOVA,ITALY,VIA MOGGIA 75/A,1949,Corporation,,,,,,,,,,,hitHorizons_dataset
Montanwerke Brixlegg Aktiengesellschaft,Wholesale Trade,,[],BOLZANO,ITALY,VIA BOLZANO 63,2018,Foreign Company,,,,,,,,,,,hitHorizons_dataset
Societa' Italiana Per Condotte D'acqua Spa,Construction,,[],ROMA,ITALY,VIA SALARIA 1039,1880,Corporation,,,,,,,,,,,hitHorizons_dataset
Sacyr Construccion S.a.,Construction,,[],TORINO,ITALY,VIA INVORIO 24/A,2005,Foreign Company,,,,,,,,,,,hitHorizons_dataset
Arneg Spa,Manufacturing,,[],PADOVA,ITALY,VIA VENEZIA 58,1963,Corporation,,,,,,,,,,,hitHorizons_dataset
General Logistics Systems Italy Spa,Services,,[],MILANO,ITALY,VIA BASENTO 19,1993,Corporation,,,,,,,,,,,hitHorizons_dataset
Rizzoli Corriere Della Sera Mediagroup Spa,Manufacturing,,[],MILANO,ITALY,VIA ANGELO RIZZOLI 8,1997,Corporation,,,,,,,,,,,hitHorizons_dataset
Metinvest Trametal Spa,Manufacturing,,[],GENOVA,ITALY,VIA XII OTTOBRE 1,2007,Corporation,,,,,,,,,,,hitHorizons_dataset
Sarlux Srl,Manufacturing,,[],MILANO,ITALY,GALLERIA PASSARELLA 2,1992,Corporation,,,,,,,,,,,hitHorizons_dataset
Seetech Global Industries Spa,"Finance, Insurance, and Real Estate",,[],BOLZANO,ITALY,VIA ANTONIO PACINOTTI 3,2011,Corporation,,,,,,,,,,,hitHorizons_dataset
Henkel Italia Srl,Wholesale Trade,,[],MILANO,ITALY,VIA CARLO AMORETTI 78,2015,Corporation,,,,,,,,,,,hitHorizons_dataset
Unicoop Tirreno Soc Coop,Retail Trade,,[],LIVORNO,ITALY,STRADA STATALE S.S. AURELIA KM. 237 SNC,1945,Cooperative,,,,,,,,,,,hitHorizons_dataset
Banco Bpm Vita Spa,"Finance, Insurance, and Real Estate",,[],MILANO,ITALY,VIA MASSAUA 6,1992,Corporation,,,,,,,,,,,hitHorizons_dataset
Tod's Spa,Manufacturing,,[],FERMO,ITALY,VIA FILIPPO DELLA VALLE 1,1900,Corporation,,,,,,,,,,,hitHorizons_dataset
Di.vi. Finanziaria Di Diego Della Valle & C. Srl,"Finance, Insurance, and Real Estate",,[],FERMO,ITALY,VIA SETTECAMINI 116,2002,Corporation,,,,,,,,,,,hitHorizons_dataset
Tigros Spa,Retail Trade,,[],VARESE,ITALY,VIA DEL LAVORO 45,1979,Corporation,,,,,,,,,,,hitHorizons_dataset
Unigra' Srl,Manufacturing,,[],RAVENNA,ITALY,VIA GARDIZZA 9/B,1970,Corporation,,,,,,,,,,,hitHorizons_dataset
Amissima Vita Spa,"Finance, Insurance, and Real Estate",,[],GENOVA,ITALY,MURA DI SANTA CHIARA 1,1971,Corporation,,,,,,,,,,,hitHorizons_dataset
Eli Lilly Italia Spa,Manufacturing,,[],FIRENZE,ITALY,VIA ANTONIO GRAMSCI 731/733,1959,Corporation,,,,,,,,,,,hitHorizons_dataset
Intesa Sanpaolo Assicura Spa,"Finance, Insurance, and Real Estate",,[],TORINO,ITALY,CORSO INGHILTERRA 3,1995,Corporation,,,,,,,,,,,hitHorizons_dataset
Ferriera Valsider Spa,Manufacturing,,[],VERONA,ITALY,VIA ANTONIO SALIERI 36,2000,Corporation,,,,,,,,,,,hitHorizons_dataset
Friul Intagli Industries Spa,Manufacturing,,[],PORDENONE,ITALY,VIA ODERZO 68,1968,Corporation,,,,,,,,,,,hitHorizons_dataset
Costantin Spa,Retail Trade,,[],PADOVA,ITALY,VIA CANAREGGIO 1823/1,1986,Corporation,,,,,,,,,,,hitHorizons_dataset
Eurovo Srl,Manufacturing,,[],RAVENNA,ITALY,VIA MENSA 3,1981,Corporation,,,,,,,,,,,hitHorizons_dataset
Prima Sole Components Spa,Manufacturing,,[],03020,FROSINONE,VIA CASILINA SUD SNC KM90,1968,Corporation,,,,,,,,,,,hitHorizons_dataset
Biesse Spa,Manufacturing,,[],PESARO E URBINO,ITALY,VIA DELLA MECCANICA 16,1968,Corporation,,,,,,,,,,,hitHorizons_dataset
Scm Group Spa,Manufacturing,,[],RIMINI,ITALY,VIA EMILIA 69/71/77,1958,Corporation,,,,,,,,,,,hitHorizons_dataset
Agfa,Wholesale Trade,,[],MILANO,ITALY,VIA MASSIMO GORKI 69,2013,Foreign Company,,,,,,,,,,,hitHorizons_dataset
Bi.fin. Srl,"Finance, Insurance, and Real Estate",,[],PESARO E URBINO,ITALY,VIALE FRATELLI ROSSELLI 46,1992,Corporation,,,,,,,,,,,hitHorizons_dataset
Dolce & Gabbana Srl,Manufacturing,,[],MILANO,ITALY,VIA CARLO GOLDONI 10,1988,Corporation,,,,,,,,,,,hitHorizons_dataset
Dana Italia Srl,Manufacturing,,[],TRENTO,ITALY,LOCALITA' LINFANO,1988,Corporation,,,,,,,,,,,hitHorizons_dataset
F.lli Martini & C. Spa,"Finance, Insurance, and Real Estate",,[],FORLI'-CESENA,ITALY,VIA EMILIA 2614,1961,Corporation,,,,,,,,,,,hitHorizons_dataset
Dow Italia Divisione Commerciale Srl,Manufacturing,,[],MILANO,ITALY,VIA FRANCESCO ALBANI 65,2001,Corporation,,,,,,,,,,,hitHorizons_dataset
Magna Powertrain Italia Srl,"Finance, Insurance, and Real Estate",,[],BARI,ITALY,VIA DEI CICLAMINI 4,1999,Corporation,,,,,,,,,,,hitHorizons_dataset
Sicim Spa,Construction,,[],PARMA,ITALY,VIA CONSOLATICO SUPERIORE 96/98,1962,Corporation,,,,,,,,,,,hitHorizons_dataset
Jaguar Land Rover Italia Spa,Retail Trade,,[],ROMA,ITALY,VIALE ALESSANDRO MARCHETTI 105,2000,Corporation,,,,,,,,,,,hitHorizons_dataset
Nova Aeg Spa,"Transportation, Communications, Electric, Gas, and Sanitary Services",,[],VERCELLI,ITALY,VIA NELSON MANDELA 4,2016,Corporation,,,,,,,,,,,hitHorizons_dataset
J.a.s. Jet Air Service Spa,"Transportation, Communications, Electric, Gas, and Sanitary Services",,[],FIRENZE,ITALY,VIUZZO DI PORTO 4/B,1974,Corporation,,,,,,,,,,,hitHorizons_dataset
Acegasapsamga Spa,"Transportation, Communications, Electric, Gas, and Sanitary Services",,[],TRIESTE,ITALY,VIA DEL TEATRO 5,1997,Corporation,,,,,,,,,,,hitHorizons_dataset
Siram Spa,Construction,,[],MILANO,ITALY,VIA ANNA MARIA MOZZONI 12,1987,Corporation,,,,,,,,,,,hitHorizons_dataset
Lenovo Italy Srl,Manufacturing,,[],MILANO,ITALY,VIA SAN BOVIO 3,2005,Corporation,,,,,,,,,,,hitHorizons_dataset
Urbaser S.a.,Services,,[],AVELLINO,ITALY,VIA CONSORTILE,2015,Foreign Company,,,,,,,,,,,hitHorizons_dataset
Huawei Technologies Italia Srl,Wholesale Trade,,[],MILANO,ITALY,VIA LORENTEGGIO 240,2004,Corporation,,,,,,,,,,,hitHorizons_dataset
Sace Spa,"Finance, Insurance, and Real Estate",,[],ROMA,ITALY,PIAZZA POLI 37/42,1977,Corporation,,,,,,,,,,,hitHorizons_dataset
Ducati Motor Holding Spa,Manufacturing,,[],BOLOGNA,ITALY,VIA ANTONIO CAVALIERI DUCATI 3,1926,Corporation,,,,,,,,,,,hitHorizons_dataset
Equensworldline Se,Services,,[],MILANO,ITALY,VIA ENRICO CIALDINI 16,2013,Foreign Company,,,,,,,,,,,hitHorizons_dataset
Itas Istituto Trentino Alto Adige Per Assicurazioni Societa' Mutua Di Assicurazioni,"Finance, Insurance, and Real Estate",,[],TRENTO,ITALY,PIAZZA DELLE DONNE LAVORATRICI 2,1821,Cooperative,,,,,,,,,,,hitHorizons_dataset
Lvmh Italia Spa,"Finance, Insurance, and Real Estate",,[],MILANO,ITALY,LARGO AUGUSTO 8,1991,Corporation,,,,,,,,,,,hitHorizons_dataset
Farvima Medicinali Spa,Wholesale Trade,,[],NAPOLI,ITALY,VIA NAPOLI 220,1963,Corporation,,,,,,,,,,,hitHorizons_dataset
Smurfit Kappa Italia Spa,Manufacturing,,[],ALESSANDRIA,ITALY,STRADA SERRAVALLE 65,2000,Corporation,,,,,,,,,,,hitHorizons_dataset
Blackrock (netherlands) Bv,"Finance, Insurance, and Real Estate",,[],MILANO,ITALY,PIAZZA SAN FEDELE 2,2018,Foreign Company,,,,,,,,,,,hitHorizons_dataset
Schneider Electric Spa,Manufacturing,,[],BERGAMO,ITALY,VIA CIRCONVALLAZIONE EST 1,1960,Corporation,,,,,,,,,,,hitHorizons_dataset
Omnicom Media Group Srl,Services,,[],MILANO,ITALY,VIA GIOVANNI SPADOLINI 5,1989,Corporation,,,,,,,,,,,hitHorizons_dataset
Volvo Group Italia Spa,Wholesale Trade,,[],BERGAMO,ITALY,CORSO EUROPA 2,1982,Corporation,,,,,,,,,,,hitHorizons_dataset
Msd Italia Srl,Manufacturing,,[],ROMA,ITALY,VIA VITORCHIANO 151,1956,Corporation,,,,,,,,,,,hitHorizons_dataset
Gnutti Carlo Spa,Manufacturing,,[],BRESCIA,ITALY,VIA ARTIGIANI 2,1981,Corporation,,,,,,,,,,,hitHorizons_dataset
L'oreal Italia Spa,Retail Trade,,[],MILANO,ITALY,VIA FRANCESCO PRIMATICCIO 155,1936,Corporation,,,,,,,,,,,hitHorizons_dataset
Italia Marittima Spa,"Transportation, Communications, Electric, Gas, and Sanitary Services",,[],TRIESTE,ITALY,PASSEGGIO SANT'ANDREA 4,1936,Corporation,,,,,,,,,,,hitHorizons_dataset
C.u.ra. Consorzio Utilities Ravenna Soc Cons Arl,"Transportation, Communications, Electric, Gas, and Sanitary Services",,[],RAVENNA,ITALY,VIA GRANAROLO 175/3,2000,Corporation,,,,,,,,,,,hitHorizons_dataset
Progefin Spa,Construction,,[],MONZA E BRIANZA,ITALY,VIA BARTOLOMEO ZUCCHI 1,1985,Corporation,,,,,,,,,,,hitHorizons_dataset
Glaxosmithkline Spa,Wholesale Trade,,[],VERONA,ITALY,VIALE DELL'AGRICOLTURA 7,1932,Corporation,,,,,,,,,,,hitHorizons_dataset
Compagnia Generale Trattori Spa,Wholesale Trade,,[],MILANO,ITALY,VIA PADANA SUPERIORE 19,1990,Corporation,,,,,,,,,,,hitHorizons_dataset
Stabilo International Gmbh,Wholesale Trade,,[],MILANO,ITALY,VIA MESSINA 38,2010,Foreign Company,,,,,,,,,,,hitHorizons_dataset
Ariston Spa,Manufacturing,,[],ANCONA,ITALY,VIALE ARISTIDE MERLONI 45,2020,Corporation,,,,,,,,,,,hitHorizons_dataset
Saviola Holding Srl,"Finance, Insurance, and Real Estate",,[],MANTOVA,ITALY,VIALE LOMBARDIA 29,2002,Corporation,,,,,,,,,,,hitHorizons_dataset
Google Italy Srl,"Transportation, Communications, Electric, Gas, and Sanitary Services",,[],MILANO,ITALY,VIA FEDERICO CONFALONIERI 4,2002,Corporation,,,,,,,,,,,hitHorizons_dataset
Sacchi Giuseppe Spa,Wholesale Trade,,[],MONZA E BRIANZA,ITALY,VIA FILIPPO DA DESIO 60,1957,Corporation,,,,,,,,,,,hitHorizons_dataset
Polynt Spa,Manufacturing,,[],BERGAMO,ITALY,VIA ENRICO FERMI 51,1962,Corporation,,,,,,,,,,,hitHorizons_dataset
Brunello Cucinelli Spa,Manufacturing,,[],PERUGIA,ITALY,VIALE PARCO DELL'INDUSTRIA 5,1991,Corporation,,,,,,,,,,,hitHorizons_dataset
Foro Delle Arti Srl,"Finance, Insurance, and Real Estate",,[],PERUGIA,ITALY,PIAZZETTA DEI SAPIENTI 1,2005,Corporation,,,,,,,,,,,hitHorizons_dataset
Pro-gest Spa,Manufacturing,,[],TREVISO,ITALY,VIA CASTELLANA 90,1981,Corporation,,,,,,,,,,,hitHorizons_dataset
Zignago Holding Spa,"Finance, Insurance, and Real Estate",,[],VENEZIA,ITALY,VIALE ITA MARZOTTO 8,2002,Corporation,,,,,,,,,,,hitHorizons_dataset
Maiora Srl,Wholesale Trade,,[],BARI,ITALY,VIA SAN MAGNO 31,1971,Corporation,,,,,,,,,,,hitHorizons_dataset
Loro Piana Spa,Manufacturing,,[],VERCELLI,ITALY,CORSO PIETRO ROLANDI 10,1924,Corporation,,,,,,,,,,,hitHorizons_dataset
Grandi Salumifici Italiani Spa,Manufacturing,,[],MODENA,ITALY,STRADA GHERBELLA 320,2000,Corporation,,,,,,,,,,,hitHorizons_dataset
Openjobmetis Spa Agenzia Per Il Lavoro,Services,,[],MILANO,ITALY,VIA BERNARDINO TELESIO 18,2001,Corporation,,,,,,,,,,,hitHorizons_dataset
2i Rete Gas Spa,"Transportation, Communications, Electric, Gas, and Sanitary Services",,[],MILANO,ITALY,VIA ALBERICO ALBRICCI 10,2009,Corporation,,,,,,,,,,,hitHorizons_dataset
Toshiba Electronics Europe Gmbh,Wholesale Trade,,[],MONZA E BRIANZA,ITALY,VIA TORRI BIANCHE 3,2003,Foreign Company,,,,,,,,,,,hitHorizons_dataset
Sogei Societa' Generale D'informatica Spa E In Forma Abbreviato Sogei Spa,Services,,[],ROMA,ITALY,VIA MARIO CARUCCI 131,1976,Corporation,,,,,,,,,,,hitHorizons_dataset
Bayer Spa,Wholesale Trade,,[],MILANO,ITALY,VIA DELLE GROANE 126,1980,Corporation,,,,,,,,,,,hitHorizons_dataset
Comarco Compagnia Generale Di Commercio Arbitraggio E Coperture Spa,Wholesale Trade,,[],GENOVA,ITALY,PIAZZA DELLA VITTORIA 10,1991,Corporation,,,,,,,,,,,hitHorizons_dataset
Vera Vita Spa,"Finance, Insurance, and Real Estate",,[],VERONA,ITALY,VIA CARLO EDERLE 45,2000,Corporation,,,,,,,,,,,hitHorizons_dataset
Bcc Vita Spa Compagnia Di Assicurazioni Vita In Forma Abbreviato Bcc Vita Spa,"Finance, Insurance, and Real Estate",,[],MILANO,ITALY,VIA BENIGNO CRESPI 19,2001,Corporation,,,,,,,,,,,hitHorizons_dataset
Wuerth Srl,Wholesale Trade,,[],BOLZANO,ITALY,VIA STAZIONE 51,1963,Corporation,,,,,,,,,,,hitHorizons_dataset
Abbvie Srl,Manufacturing,,[],LATINA,ITALY,STRADA REGIONALE 148 PONTINA 0SNC,2012,Corporation,,,,,,,,,,,hitHorizons_dataset
Coop Centro Italia Soc Coop,Retail Trade,,[],PERUGIA,ITALY,VIA ANDREA DORIA 7,1947,Cooperative,,,,,,,,,,,hitHorizons_dataset
Colorobbia Holding Spa,"Finance, Insurance, and Real Estate",,[],FIRENZE,ITALY,VIA PIETRAMARINA 53,1981,Corporation,,,,,,,,,,,hitHorizons_dataset
Heineken Italia Spa,Manufacturing,,[],AOSTA,ITALY,LOCALITA' AUTOPORTO 11,1865,Corporation,,,,,,,,,,,hitHorizons_dataset
Dedalus Healthcare Systems Group Spa,"Finance, Insurance, and Real Estate",,[],FIRENZE,ITALY,VIA COLLODI 6/C,2013,Corporation,,,,,,,,,,,hitHorizons_dataset
Sisal Spa,Services,,[],MILANO,ITALY,VIA UGO BASSI 6,2006,Corporation,,,,,,,,,,,hitHorizons_dataset
Medtronic Italia Spa,Wholesale Trade,,[],MILANO,ITALY,VIA VARESINA 162,1988,Corporation,,,,,,,,,,,hitHorizons_dataset
Riva Acciaio Spa,Manufacturing,,[],MILANO,ITALY,VIALE CERTOSA 249,1986,Corporation,,,,,,,,,,,hitHorizons_dataset
Uvet Viaggi Turismo Spa,"Transportation, Communications, Electric, Gas, and Sanitary Services",,[],MILANO,ITALY,BASTIONI DI PORTA VOLTA 10,1950,Corporation,,,,,,,,,,,hitHorizons_dataset
Veroniki Holding Spa,"Finance, Insurance, and Real Estate",,[],MILANO,ITALY,VIA LARGA 9/11,2010,Corporation,,,,,,,,,,,hitHorizons_dataset
Mbda Italia Spa,Manufacturing,,[],ROMA,ITALY,VIA MONTE FLAVIO 45,2001,Corporation,,,,,,,,,,,hitHorizons_dataset
Lg Electronics Italia Spa,Manufacturing,,[],MILANO,ITALY,VIA ALDO ROSSI 4,1996,Corporation,,,,,,,,,,,hitHorizons_dataset
Rai Pubblicita' Spa,Services,,[],TORINO,ITALY,VIA GIOVANNI CARLO CAVALLI 6,1926,Corporation,,,,,,,,,,,hitHorizons_dataset
Ngk Spark Plug Europe Gmbh,Services,,[],MILANO,ITALY,VIA DELLE AZALEE 15,2006,Foreign Company,,,,,,,,,,,hitHorizons_dataset
Stoccaggi Gas Italia Spa,"Transportation, Communications, Electric, Gas, and Sanitary Services",,[],MILANO,ITALY,PIAZZA SANTA BARBARA 7,2000,Corporation,,,,,,,,,,,hitHorizons_dataset
Acea Ato 2 Gruppo Acea Spa,"Transportation, Communications, Electric, Gas, and Sanitary Services",,[],ROMA,ITALY,PIAZZALE OSTIENSE 2,1999,Corporation,,,,,,,,,,,hitHorizons_dataset
Zambon Company Spa,"Finance, Insurance, and Real Estate",,[],MILANO,ITALY,VIA LILLO DEL DUCA 10,1938,Corporation,,,,,,,,,,,hitHorizons_dataset
Banca Generali Spa,"Finance, Insurance, and Real Estate",,[],TRIESTE,ITALY,VIA NICCOLO' MACHIAVELLI 4,1992,Corporation,,,,,,,,,,,hitHorizons_dataset
Ferrero Industriale Italia Srl,Manufacturing,,[],CUNEO,ITALY,PIAZZALE PIETRO FERRERO 1,1980,Corporation,,,,,,,,,,,hitHorizons_dataset
Design Holding Spa,"Finance, Insurance, and Real Estate",,[],MILANO,ITALY,VIA ALESSANDRO MANZONI 38,2018,Corporation,,,,,,,,,,,hitHorizons_dataset
International Design Group Spa,"Finance, Insurance, and Real Estate",,[],MILANO,ITALY,VIA ALESSANDRO MANZONI 38,2018,Corporation,,,,,,,,,,,hitHorizons_dataset
Flextronics Italy Spa,"Transportation, Communications, Electric, Gas, and Sanitary Services",,[],LODI,ITALY,STRADA PROVINCIALE 234 1/3,2000,Corporation,,,,,,,,,,,hitHorizons_dataset
2v Energy Srl,"Transportation, Communications, Electric, Gas, and Sanitary Services",,[],VERONA,ITALY,LUNGADIGE GALTAROSSA 8,2012,Corporation,,,,,,,,,,,hitHorizons_dataset
Intercos Spa,"Finance, Insurance, and Real Estate",,[],MONZA E BRIANZA,ITALY,VIA GUGLIELMO MARCONI 84,1990,Corporation,,,,,,,,,,,hitHorizons_dataset
Engie Servizi Spa,Construction,,[],ROMA,ITALY,VIALE GIORGIO RIBOTTA 31,1985,Corporation,,,,,,,,,,,hitHorizons_dataset
Apulia Distribuzione Srl,Wholesale Trade,,[],BARI,ITALY,STRADA PROVINCIALE 240 DELLE GROTTE ORIENTALI,2001,Corporation,,,,,,,,,,,hitHorizons_dataset
Ghella Spa,Construction,,[],ROMA,ITALY,VIA PIETRO BORSIERI 2/A,1894,Corporation,,,,,,,,,,,hitHorizons_dataset
Synergie Italia Agenzia Per Il Lavoro Spa,Services,,[],TORINO,ITALY,VIA PISA 29,1999,Corporation,,,,,,,,,,,hitHorizons_dataset
Avi.coop Soc Coop Agricola,Manufacturing,,[],FORLI'-CESENA,ITALY,VIA DEL RIO 336,1980,Corporation,,,,,,,,,,,hitHorizons_dataset
Berlin Packaging (europe) Spa,"Finance, Insurance, and Real Estate",,[],MILANO,ITALY,VIALE CRISTOFORO COLOMBO 12/14,2016,Corporation,,,,,,,,,,,hitHorizons_dataset
Trenord Srl,"Transportation, Communications, Electric, Gas, and Sanitary Services",,[],BRESCIA,ITALY,VIA ROMA 5,2009,Corporation,,,,,,,,,,,hitHorizons_dataset
Technip Energies Italy Spa,Services,,[],ROMA,ITALY,VIALE CASTELLO DELLA MAGLIANA 68,1969,Corporation,,,,,,,,,,,hitHorizons_dataset
Metalmeccanica Tiberina Srl,Manufacturing,,[],PERUGIA,ITALY,VIA ZONA INDUSTRIALE MADONNA DEL MORO,1963,Corporation,,,,,,,,,,,hitHorizons_dataset
Attiva Spa,Wholesale Trade,,[],VICENZA,ITALY,VIA DEL PROGRESSO 1008,1996,Corporation,,,,,,,,,,,hitHorizons_dataset
Coeclerici Spa,"Finance, Insurance, and Real Estate",,[],MILANO,ITALY,PIAZZA GENERALE ARMANDO DIAZ 7,1920,Corporation,,,,,,,,,,,hitHorizons_dataset
F.i.l.a Fabbrica Italiana Lapis Ed Affini Spa,Manufacturing,,[],MILANO,ITALY,VIA XXV APRILE 5,2013,Corporation,,,,,,,,,,,hitHorizons_dataset
Pencil Srl,"Finance, Insurance, and Real Estate",,[],MILANO,ITALY,VIALE VITTORIO VENETO 14,2010,Corporation,,,,,,,,,,,hitHorizons_dataset
If 65 Spa,"Finance, Insurance, and Real Estate",,[],BRESCIA,ITALY,VIALE SANT'EUFEMIA 108/F,1987,Corporation,,,,,,,,,,,hitHorizons_dataset
Coop Italia Soc Coop,Wholesale Trade,,[],BOLOGNA,ITALY,VIA DEL LAVORO 6/8,1947,Cooperative,,,,,,,,,,,hitHorizons_dataset
American Express Payments Europe S.l.,"Finance, Insurance, and Real Estate",,[],ROMA,ITALY,VIALE ALEXANDRE GUSTAVE EIFFEL 15,2018,Foreign Company,,,,,,,,,,,hitHorizons_dataset
Kia Italia Srl,Retail Trade,,[],MILANO,ITALY,VIA GALLARATE 184,2011,Corporation,,,,,,,,,,,hitHorizons_dataset
Shell Italia E&p Spa,Mining,,[],ROMA,ITALY,PIAZZA DI SAN SILVESTRO 8,1996,Corporation,,,,,,,,,,,hitHorizons_dataset
Volvo Car Italia Spa,Retail Trade,,[],BOLOGNA,ITALY,VIA ENRICO MATTEI 66,1957,Corporation,,,,,,,,,,,hitHorizons_dataset
Guala Closures Spa,Manufacturing,,[],ALESSANDRIA,ITALY,VIA RANA 12,1965,Corporation,,,,,,,,,,,hitHorizons_dataset
Kos Spa,"Finance, Insurance, and Real Estate",,[],MILANO,ITALY,VIA CIOVASSINO 1,1984,Corporation,,,,,,,,,,,hitHorizons_dataset
Kedrion Spa,Manufacturing,,[],LUCCA,ITALY,LOCALITA' AI CONTI,2000,Corporation,,,,,,,,,,,hitHorizons_dataset
Nippon Express Italia Spa,"Transportation, Communications, Electric, Gas, and Sanitary Services",,[],FIRENZE,ITALY,VIA VIII MARZO 6,1981,Corporation,,,,,,,,,,,hitHorizons_dataset
Messaggerie Italiane Di Giornali Riviste E Libri Spa,Wholesale Trade,,[],MILANO,ITALY,CORSO SEMPIONE 4,1914,Corporation,,,,,,,,,,,hitHorizons_dataset
Fercam Spa,"Transportation, Communications, Electric, Gas, and Sanitary Services",,[],BOLZANO,ITALY,VIA MARIE CURIE 2,1949,Corporation,,,,,,,,,,,hitHorizons_dataset
Compagnia Valdostana Delle Acque - Compagnie Valdotaine Des Eaux Spa,"Transportation, Communications, Electric, Gas, and Sanitary Services",,[],AOSTA,ITALY,VIA STAZIONE 31,1998,Corporation,,,,,,,,,,,hitHorizons_dataset
Autogrill Italia Spa,Retail Trade,,[],NOVARA,ITALY,VIA MARIO GREPPI 2,1995,Corporation,,,,,,,,,,,hitHorizons_dataset
Daikin Air Conditioning Italy Spa,Services,,[],MILANO,ITALY,VIA GIUSEPPE RIPAMONTI 85,2001,Corporation,,,,,,,,,,,hitHorizons_dataset
G.a. Operations Spa,Manufacturing,,[],MODENA,ITALY,VIA PIETRO GIARDINI 1324,1962,Corporation,,,,,,,,,,,hitHorizons_dataset
Fideuram Intesa Sanpaolo Private Banking Asset Management Societa' Di Gestione Del Risparm,"Finance, Insurance, and Real Estate",,[],MILANO,ITALY,VIA MONTEBELLO 18,1986,Corporation,,,,,,,,,,,hitHorizons_dataset
Proma Spa,Manufacturing,,[],CASERTA,ITALY,VIALE CARLO III TRAV. I VIA GALVANI SNC,1990,Corporation,,,,,,,,,,,hitHorizons_dataset
Dussmann Service Srl,Services,,[],BERGAMO,ITALY,VIA PAPA GIOVANNI XXIII 4,1969,Corporation,,,,,,,,,,,hitHorizons_dataset
Assimoco Vita Spa Compagnia Di Assicurazione Sulla Vita,"Finance, Insurance, and Real Estate",,[],MILANO,ITALY,VIA GIOVANNI SPADOLINI 7,1988,Corporation,,,,,,,,,,,hitHorizons_dataset
General Logistics Systems Enterprise Srl,"Transportation, Communications, Electric, Gas, and Sanitary Services",,[],MILANO,ITALY,VIA BASENTO 19,2003,Corporation,,,,,,,,,,,hitHorizons_dataset
Cargill Eurit Srl,"Finance, Insurance, and Real Estate",,[],MILANO,ITALY,VIA GIUSEPPE RIPAMONTI 89,2007,Corporation,,,,,,,,,,,hitHorizons_dataset
Givi Holding Srl,Services,,[],MILANO,ITALY,PIAZZA LUIGI EINAUDI 4,1979,Corporation,,,,,,,,,,,hitHorizons_dataset
Edge Network Services Limited,Services,,[],BRESCIA,ITALY,VIA CORSICA 10/12,2014,Foreign Company,,,,,,,,,,,hitHorizons_dataset
Molino Casillo Spa,Manufacturing,,[],BARI,ITALY,VIA ANTONIO SANT'ELIA ZONA INDUSTRIALE,1935,Corporation,,,,,,,,,,,hitHorizons_dataset
Zambon Spa,Manufacturing,,[],MILANO,ITALY,VIA LILLO DEL DUCA 10,1900,Corporation,,,,,,,,,,,hitHorizons_dataset
Bulgari Gioielli Spa,Manufacturing,,[],ALESSANDRIA,ITALY,CIRCONVALLAZIONE OVEST 3 A ZONA CO.IN.OR.,1977,Corporation,,,,,,,,,,,hitHorizons_dataset
Pellegrini Spa,Retail Trade,,[],MILANO,ITALY,VIA LORENTEGGIO 255,1982,Corporation,,,,,,,,,,,hitHorizons_dataset
C.s.i. - Compagnia Surgelati Italiana Spa,Manufacturing,,[],LATINA,ITALY,VIA APPIA,1996,Corporation,,,,,,,,,,,hitHorizons_dataset
E.m.s. Euro Management Services Spa,"Finance, Insurance, and Real Estate",,[],MILANO,ITALY,VIA STELLA ROSA 48/50,1984,Corporation,,,,,,,,,,,hitHorizons_dataset
Euro Group Spa,"Finance, Insurance, and Real Estate",,[],MILANO,ITALY,VIA STELLA ROSA 48/50,2006,Corporation,,,,,,,,,,,hitHorizons_dataset
Cogne Acciai Speciali Spa,Manufacturing,,[],AOSTA,ITALY,STRADA PARAVERA 16,1991,Corporation,,,,,,,,,,,hitHorizons_dataset
Ghella Group Srl,"Finance, Insurance, and Real Estate",,[],ROMA,ITALY,VIA PIETRO BORSIERI 2/A,1984,Corporation,,,,,,,,,,,hitHorizons_dataset
Industrie De Nora Spa,"Finance, Insurance, and Real Estate",,[],MILANO,ITALY,VIA LEONARDO BISTOLFI 35,2003,Corporation,,,,,,,,,,,hitHorizons_dataset
Federico De Nora Spa,"Finance, Insurance, and Real Estate",,[],MILANO,ITALY,VIA LEONARDO BISTOLFI 35,2009,Corporation,,,,,,,,,,,hitHorizons_dataset
Euricom Spa,Wholesale Trade,,[],PAVIA,ITALY,VIA STAZIONE 119,1980,Corporation,,,,,,,,,,,hitHorizons_dataset
Pag Italy Srl,"Finance, Insurance, and Real Estate",,[],BOLOGNA,ITALY,VIA DEL LAVORO 10,2012,Corporation,,,,,,,,,,,hitHorizons_dataset
Comer Industries Spa,Manufacturing,,[],REGGIO EMILIA,ITALY,VIA FERDINANDO MAGELLANO 27,1983,Corporation,,,,,,,,,,,hitHorizons_dataset
Eagles Oak Srl,"Finance, Insurance, and Real Estate",,[],MODENA,ITALY,VIALE DEL SAGITTARIO 5,2016,Corporation,,,,,,,,,,,hitHorizons_dataset
Yara Italia Spa,Wholesale Trade,,[],MILANO,ITALY,VIA BENIGNO CRESPI 57,1990,Corporation,,,,,,,,,,,hitHorizons_dataset
Geox Spa,Manufacturing,,[],TREVISO,ITALY,VIA FELTRINA CENTRO 16,1998,Corporation,,,,,,,,,,,hitHorizons_dataset
Technogym Spa,Manufacturing,,[],FORLI'-CESENA,ITALY,VIA CALCINARO 2861,1983,Corporation,,,,,,,,,,,hitHorizons_dataset
Cargill Srl,Manufacturing,,[],MILANO,ITALY,VIA GIUSEPPE RIPAMONTI 89,1962,Corporation,,,,,,,,,,,hitHorizons_dataset
Caseifici Granterre Spa,Wholesale Trade,,[],MODENA,ITALY,VIA POLONIA 30/33,1987,Corporation,,,,,,,,,,,hitHorizons_dataset
D'amico Societa' Di Navigazione Spa,"Transportation, Communications, Electric, Gas, and Sanitary Services",,[],ROMA,ITALY,CORSO D'ITALIA 35/B,1969,Corporation,,,,,,,,,,,hitHorizons_dataset
Benetton Group Srl,Wholesale Trade,,[],TREVISO,ITALY,VIA VILLA MINELLI 1,1999,Corporation,,,,,,,,,,,hitHorizons_dataset
Bonfiglioli Riduttori Spa,Manufacturing,,[],BOLOGNA,ITALY,VIA CLEMENTINO BONFIGLIOLI 1,2005,Corporation,,,,,,,,,,,hitHorizons_dataset
Duferco Travi E Profilati Spa,Manufacturing,,[],BRESCIA,ITALY,VIA ARMANDO DIAZ 248,1996,Corporation,,,,,,,,,,,hitHorizons_dataset
Bnp Paribas 3 Step It,Services,,[],MILANO,ITALY,PIAZZA LINA BO BARDI 3,2019,Foreign Company,,,,,,,,,,,hitHorizons_dataset
Yama Spa,"Finance, Insurance, and Real Estate",,[],REGGIO EMILIA,ITALY,VIA MEUCCIO RUINI 74/L,1980,Corporation,,,,,,,,,,,hitHorizons_dataset
S.a.p. Italia Sistemi Applicazioni Prodotti In Data Processing Spa,Services,,[],MONZA E BRIANZA,ITALY,VIA MONZA 7/A,1988,Corporation,,,,,,,,,,,hitHorizons_dataset
Cura Gas & Power Spa,"Transportation, Communications, Electric, Gas, and Sanitary Services",,[],RAVENNA,ITALY,VIA GRANAROLO 175/2,2012,Corporation,,,,,,,,,,,hitHorizons_dataset
Fai Service Soc Coop,Services,,[],CUNEO,ITALY,VIA RENZO GANDOLFO 1,1986,Corporation,,,,,,,,,,,hitHorizons_dataset
Emak Spa,Manufacturing,,[],REGGIO EMILIA,ITALY,VIA ENRICO FERMI 4,1969,Corporation,,,,,,,,,,,hitHorizons_dataset
Havi Logistics Srl,Wholesale Trade,,[],MODENA,ITALY,VIA ALDO MORO 31,1990,Corporation,,,,,,,,,,,hitHorizons_dataset
F.lli Lando Spa,Retail Trade,,[],VENEZIA,ITALY,VIA PIONCA 13,1972,Corporation,,,,,,,,,,,hitHorizons_dataset
Ep Produzione Centrale Livorno Ferraris Spa,"Transportation, Communications, Electric, Gas, and Sanitary Services",,[],ROMA,ITALY,VIA VITTORIO VENETO 74,2001,Corporation,,,,,,,,,,,hitHorizons_dataset
Gruppo Illy Spa,"Finance, Insurance, and Real Estate",,[],ROMA,ITALY,VIA DELLA MERCEDE 11,1982,Corporation,,,,,,,,,,,hitHorizons_dataset
O.r.i. Martin Holding Srl,"Finance, Insurance, and Real Estate",,[],BRESCIA,ITALY,VIA COSIMO CANOVETTI 13,2021,Corporation,,,,,,,,,,,hitHorizons_dataset
O.r.i. Martin Acciaieria E Ferriera Di Brescia Spa,Manufacturing,,[],BRESCIA,ITALY,VIA COSIMO CANOVETTI 13,1902,Corporation,,,,,,,,,,,hitHorizons_dataset
G.ecol. Cables Srl,Manufacturing,,[],RAVENNA,ITALY,VIA GIUSEPPE BOVINI 43,1992,Corporation,,,,,,,,,,,hitHorizons_dataset
Eq Cables Spa,Services,,[],RAVENNA,ITALY,VIA DELL'INDUSTRIA 22,1988,Corporation,,,,,,,,,,,hitHorizons_dataset
Duferco Commerciale Spa,Wholesale Trade,,[],GENOVA,ITALY,VIA DI SOTTORIPA 7/13,1989,Corporation,,,,,,,,,,,hitHorizons_dataset
Sg Spa,Wholesale Trade,,[],POTENZA,ITALY,CONTRADA PARASACCHIELLO SNC,2007,Corporation,,,,,,,,,,,hitHorizons_dataset
Covestro Srl,Manufacturing,,[],BERGAMO,ITALY,VIA DELLE INDUSTRIE 9,2002,Corporation,,,,,,,,,,,hitHorizons_dataset
V.i.m. Srl Vendita Ingrosso Medicinali,Wholesale Trade,,[],MATERA,ITALY,VIA DELLE FIERE SNC,1972,Corporation,,,,,,,,,,,hitHorizons_dataset
Ospedale San Raffaele Srl,Services,,[],MILANO,ITALY,VIA OLGETTINA 60,1972,Corporation,,,,,,,,,,,hitHorizons_dataset
Lorenzo Ceccato Spa,Retail Trade,,[],VICENZA,ITALY,VIA VENETO 3/5,1973,Corporation,,,,,,,,,,,hitHorizons_dataset
Tenova Spa,Manufacturing,,[],VARESE,ITALY,VIA GERENZANO 58,1947,Corporation,,,,,,,,,,,hitHorizons_dataset
Balenciaga Logistica Srl,Manufacturing,,[],FIRENZE,ITALY,VIA PISANA 336,2011,Corporation,,,,,,,,,,,hitHorizons_dataset
Unifarm Spa Unione Farmacisti Trentino Alto Adige,Wholesale Trade,,[],TRENTO,ITALY,VIA PROVINA 3,1970,Corporation,,,,,,,,,,,hitHorizons_dataset
Pluto (italia) Spa,"Finance, Insurance, and Real Estate",,[],MILANO,ITALY,PIAZZA DELLA REPUBBLICA 32,2018,Corporation,,,,,,,,,,,hitHorizons_dataset
Eg Holding Spa,"Finance, Insurance, and Real Estate",,[],VERONA,ITALY,VIA DEL PERLAR 2,1991,Corporation,,,,,,,,,,,hitHorizons_dataset
Sofid Spa,"Finance, Insurance, and Real Estate",,[],MILANO,ITALY,VIA UBERTO VISCONTI DI MODRONE 2,2009,Corporation,,,,,,,,,,,hitHorizons_dataset
Verallia Italia Spa,Manufacturing,,[],SAVONA,ITALY,STRADA STATALE 29,1942,Corporation,,,,,,,,,,,hitHorizons_dataset
Clerici Spa,Wholesale Trade,,[],BERGAMO,ITALY,VIA LODI 11,1990,Corporation,,,,,,,,,,,hitHorizons_dataset
Fintrade Holding Spa,"Finance, Insurance, and Real Estate",,[],BRESCIA,ITALY,VIA VICENZA 3,1991,Corporation,,,,,,,,,,,hitHorizons_dataset
Areti Spa,"Transportation, Communications, Electric, Gas, and Sanitary Services",,[],ROMA,ITALY,PIAZZALE OSTIENSE 2,1999,Corporation,,,,,,,,,,,hitHorizons_dataset
Liquigas Spa,Manufacturing,,[],MILANO,ITALY,VIA GIAN ANTONIO AMADEO 59,1984,Corporation,,,,,,,,,,,hitHorizons_dataset
Faac Spa,Manufacturing,,[],BOLOGNA,ITALY,VIA MONALDO CALARI 10,1953,Corporation,,,,,,,,,,,hitHorizons_dataset
Faac Partecipazioni Industriali Srl,"Finance, Insurance, and Real Estate",,[],BOLOGNA,ITALY,VIA MONALDO CALARI 10,1953,Corporation,,,,,,,,,,,hitHorizons_dataset
Agn Energia Spa,Manufacturing,,[],TORINO,ITALY,VIA AMALFI 6,1984,Corporation,,,,,,,,,,,hitHorizons_dataset
Lindt & Sprungli Spa,Manufacturing,,[],VARESE,ITALY,LARGO EDOARDO BULGHERONI 1,1909,Corporation,,,,,,,,,,,hitHorizons_dataset
Fca Bank Spa,"Finance, Insurance, and Real Estate",,[],TORINO,ITALY,CORSO ORBASSANO 367,1925,Corporation,,,,,,,,,,,hitHorizons_dataset
Salvatore Ferragamo Spa,Manufacturing,,[],FIRENZE,ITALY,VIA DEI TORNABUONI 2,1927,Corporation,,,,,,,,,,,hitHorizons_dataset
Zanetti Spa,Wholesale Trade,,[],BERGAMO,ITALY,VIA DELLA MADONNA 1,1913,Corporation,,,,,,,,,,,hitHorizons_dataset
Fnm Spa,"Transportation, Communications, Electric, Gas, and Sanitary Services",,[],MILANO,ITALY,PIAZZALE LUIGI CADORNA 14,1887,Corporation,,,,,,,,,,,hitHorizons_dataset
Crif Spa,Services,,[],BOLOGNA,ITALY,VIA MARIO FANTIN 1/3,1988,Corporation,,,,,,,,,,,hitHorizons_dataset
Guacci Spa,Wholesale Trade,,[],NAPOLI,ITALY,CIS 8,1946,Corporation,,,,,,,,,,,hitHorizons_dataset
Falck Renewables Spa,"Finance, Insurance, and Real Estate",,[],MILANO,ITALY,VIA ALBERTO FALCK 4/16,2002,Corporation,,,,,,,,,,,hitHorizons_dataset
Aquafil Spa,Manufacturing,,[],TRENTO,ITALY,VIA LINFANO 9,2016,Corporation,,,,,,,,,,,hitHorizons_dataset
Nine Trees Group Spa,"Finance, Insurance, and Real Estate",,[],VICENZA,ITALY,VIALE MILANO 26,2016,Corporation,,,,,,,,,,,hitHorizons_dataset
Dompe' Holdings Srl,"Finance, Insurance, and Real Estate",,[],MILANO,ITALY,VIA SANTA LUCIA 6,2013,Corporation,,,,,,,,,,,hitHorizons_dataset
El.en. Spa,Manufacturing,,[],FIRENZE,ITALY,VIA BALDANZESE 17,1981,Corporation,,,,,,,,,,,hitHorizons_dataset
Snaitech Spa,Services,,[],MILANO,ITALY,PIAZZA DELLA REPUBBLICA 32,1906,Corporation,,,,,,,,,,,hitHorizons_dataset
Gb&p Srl,"Finance, Insurance, and Real Estate",,[],MILANO,ITALY,VIA LEONE XIII 14,2011,Corporation,,,,,,,,,,,hitHorizons_dataset
G.s.g.r. Srl,"Finance, Insurance, and Real Estate",,[],FORLI'-CESENA,ITALY,VIA PADRE VICINIO DA SARSINA 42,2002,Corporation,,,,,,,,,,,hitHorizons_dataset
Gruppo Societa' Gas Rimini Spa,"Transportation, Communications, Electric, Gas, and Sanitary Services",,[],RIMINI,ITALY,VIA GABRIELLO CHIABRERA 34/D,1956,Corporation,,,,,,,,,,,hitHorizons_dataset
Pavimental Spa,Construction,,[],ROMA,ITALY,VIA GIULIO VINCENZO BONA 95/101,1970,Corporation,,,,,,,,,,,hitHorizons_dataset
Argo Tractors Spa,Manufacturing,,[],REGGIO EMILIA,ITALY,VIA GIACOMO MATTEOTTI 7,1989,Corporation,,,,,,,,,,,hitHorizons_dataset
A.r.g.o. Spa,"Finance, Insurance, and Real Estate",,[],REGGIO EMILIA,ITALY,VIA LEMIZZONE 1,1988,Corporation,,,,,,,,,,,hitHorizons_dataset
Cefla Soc Coop,Construction,,[],BOLOGNA,ITALY,VIA PROVINCIALE SELICE 23/A,1932,Corporation,,,,,,,,,,,hitHorizons_dataset
Solvay Chimica Italia Spa,Manufacturing,,[],LIVORNO,ITALY,VIA PIAVE 6,1970,Corporation,,,,,,,,,,,hitHorizons_dataset
Family Business Poli Di Marco Poli E C. Sapa In Sigla Fb Poli Di Marco Poli E C. Sapa,"Finance, Insurance, and Real Estate",,[],TRENTO,ITALY,VIA SAN MARTINO 4,2017,Corporation,,,,,,,,,,,hitHorizons_dataset
Rossetto Trade Spa,Retail Trade,,[],VERONA,ITALY,VIA FRIULI 5 INTERNO 9,1999,Corporation,,,,,,,,,,,hitHorizons_dataset
Gruppo Rossetto Spa,"Finance, Insurance, and Real Estate",,[],VERONA,ITALY,VIA FRIULI 5,1984,Corporation,,,,,,,,,,,hitHorizons_dataset
Legacy Srl,"Finance, Insurance, and Real Estate",,[],BOLOGNA,ITALY,VIA DELLA ZECCA 2,2019,Corporation,,,,,,,,,,,hitHorizons_dataset
Cribis Holding Srl,"Finance, Insurance, and Real Estate",,[],BOLOGNA,ITALY,VIA DELLA ZECCA 2,2010,Corporation,,,,,,,,,,,hitHorizons_dataset
Porsche Italia Spa,Retail Trade,,[],PADOVA,ITALY,CORSO STATI UNITI 35,1989,Corporation,,,,,,,,,,,hitHorizons_dataset
Intesa Sanpaolo Rbm Salute Spa,"Finance, Insurance, and Real Estate",,[],MILANO,ITALY,VIALE STELVIO 55/57,2007,Corporation,,,,,,,,,,,hitHorizons_dataset
Brenntag Spa,Wholesale Trade,,[],MILANO,ITALY,STRADA 6 PALAZZO A 13 MILANOFIORI 0SNC,1952,Corporation,,,,,,,,,,,hitHorizons_dataset
